time_step,bus_id,vm_pu
0,0,1.004134189824184
0,1,0.9903166748243856
0,2,0.9848925624311805
0,3,0.9649470691385582
0,4,0.9670044264398524
0,5,0.9474177932132162
0,6,0.9464023783665955
0,7,0.9309171245304044
0,8,0.9378344208861918
0,9,0.9354758370060201
0,10,0.9261696786345907
0,11,0.9322109053766442
0,12,0.9201846598487298
0,13,0.9202671725622996
0,14,0.916358946606875
0,15,0.9180914509735383
0,16,0.9119663034055424
0,17,0.9202830393045512
0,18,1.0033242379565641
0,19,0.9886721130619167
0,20,0.9909772670169904
0,21,0.9880821545421029
0,22,0.9798353292093493
0,23,0.9747684333296442
0,24,0.967567082584198
0,25,0.9530254732565127
0,26,0.9492834455400951
0,27,0.9448792301193654
0,28,0.9215133870413001
0,29,0.9239355701297519
0,30,0.9223376621902043
0,31,0.9128079510326258
0,32,0.9166469949921499
1,0,0.999660799584116
1,1,0.9950981546285158
1,2,0.9774418146296436
1,3,0.9754816205115188
1,4,0.9778126125455088
1,5,0.9515436139756901
1,6,0.950542545481717
1,7,0.9362984852256506
1,8,0.9374687592643975
1,9,0.9305869292254226
1,10,0.9265724120885902
1,11,0.9287579755552662
1,12,0.9226571490859506
1,13,0.9205798845216028
1,14,0.9167004512883951
1,15,0.9162122793711007
1,16,0.9151496246616223
1,17,0.913502005312927
1,18,0.9888153288579271
1,19,0.9912285558230846
1,20,0.9911311361247732
1,21,1.0024446644541816
1,22,0.9837848113296949
1,23,0.9766054343514845
1,24,0.965592614062557
1,25,0.9556398438689652
1,26,0.9437899343371984
1,27,0.934491623980884
1,28,0.9320950530879099
1,29,0.9163365225961307
1,30,0.920293732690103
1,31,0.924536208454883
1,32,0.92119623897543
2,0,1.0026651967614173
2,1,0.9940933207306435
2,2,0.985683164427642
2,3,0.9813579993113689
2,4,0.9642164651028408
2,5,0.9565313083756443
2,6,0.9501892009541444
2,7,0.9380134789515131
2,8,0.9351210804748384
2,9,0.9344088021763981
2,10,0.9255341000004638
2,11,0.9177953169692185
2,12,0.9148614020870255
2,13,0.9082163235085297
2,14,0.9112323170653177
2,15,0.9137415814165033
2,16,0.9055474969726123
2,17,0.909248303941193
2,18,0.9967009497365332
2,19,1.0021761191724274
2,20,0.9910623127358472
2,21,0.9933684530401133
2,22,0.9827129460473086
2,23,0.9676431996085352
2,24,0.9628164777231908
2,25,0.944457086713221
2,26,0.9421330114768701
2,27,0.9359616704674417
2,28,0.9205942481291256
2,29,0.9127955001384732
2,30,0.9215404424127516
2,31,0.9080474501206764
2,32,0.923656384921654
3,0,0.9919561254315773
3,1,0.9991174562363314
3,2,0.9912148722242352
3,3,0.9734753714846787
3,4,0.9757537264554049
3,5,0.9470404487290809
3,6,0.9512634584300211
3,7,0.9373295992419054
3,8,0.9282494534090163
3,9,0.9229506007730802
3,10,0.9277557990265457
3,11,0.9302757260686342
3,12,0.912790009418404
3,13,0.9158556368775815
3,14,0.9125973762830379
3,15,0.9136312437398745
3,16,0.9107898566864767
3,17,0.9110278754729367
3,18,0.999189289683132
3,19,0.9897403269562338
3,20,0.9926685931656006
3,21,0.9821949735133384
3,22,0.9755908502621149
3,23,0.9723971300799417
3,24,0.9700955755062702
3,25,0.9432392149955546
3,26,0.9491426116945858
3,27,0.9327854339798768
3,28,0.9230147008705699
3,29,0.9085552793675851
3,30,0.9173715053935629
3,31,0.9166128934549196
3,32,0.91327747411862
4,0,1.0058579677544544
4,1,0.9971465986283363
4,2,0.9811677215436421
4,3,0.96446532519302
4,4,0.9634478584008435
4,5,0.9478155662610257
4,6,0.9398147428342334
4,7,0.9319449894906168
4,8,0.9379613609487785
4,9,0.9190464190449386
4,10,0.9220661527695803
4,11,0.9174669598146052
4,12,0.9205861406601272
4,13,0.9133339423984732
4,14,0.9090896393607801
4,15,0.9096171758896394
4,16,0.9062343730774218
4,17,0.9010643761364517
4,18,0.9951739406782756
4,19,0.9958795852197746
4,20,0.9957998741604466
4,21,0.9982639981895777
4,22,0.9831725460016669
4,23,0.9745968789965422
4,24,0.9592071363663686
4,25,0.9522813440426646
4,26,0.935832594407132
4,27,0.9321161501664759
4,28,0.9218965269351027
4,29,0.9147478703522641
4,30,0.9039381912223016
4,31,0.9014480168533909
4,32,0.905255483275334
5,0,1.006371129804571
5,1,0.9936072733331148
5,2,0.9805632486840853
5,3,0.9736907275363623
5,4,0.973847870827993
5,5,0.9458415884310947
5,6,0.941156398889393
5,7,0.9345568859067962
5,8,0.9273499042280329
5,9,0.9317198254040341
5,10,0.9311957282927943
5,11,0.9236561075881692
5,12,0.9158934326196451
5,13,0.9105705630238352
5,14,0.9043232451031652
5,15,0.910376497630844
5,16,0.9135833702002581
5,17,0.9082834239141961
5,18,1.000786386046544
5,19,0.992096704073346
5,20,0.9936845857945884
5,21,0.9956039308319548
5,22,0.9737451560115983
5,23,0.9679585883628926
5,24,0.9688688316274412
5,25,0.9360723083964131
5,26,0.947724279011946
5,27,0.9356891156040663
5,28,0.9210635746935758
5,29,0.9189610290558821
5,30,0.9084992414042374
5,31,0.913448840420409
5,32,0.9064214357121567
6,0,1.0066697641256466
6,1,1.0056934084937557
6,2,0.9829303271986166
6,3,0.9808107836651365
6,4,0.9738665050966255
6,5,0.9389586641552925
6,6,0.9433532167207164
6,7,0.9397465461827623
6,8,0.9357793523976617
6,9,0.9193092509650754
6,10,0.9254192966860318
6,11,0.9216347892858606
6,12,0.9073872262733949
6,13,0.9122718585478621
6,14,0.9001932054373304
6,15,0.8994405787907558
6,16,0.9217856757221901
6,17,0.905547497769287
6,18,0.9916749358877608
6,19,1.000224667293449
6,20,0.9921176862596371
6,21,0.9889548136032691
6,22,0.9804238173070117
6,23,0.9653702175568302
6,24,0.9706307161143553
6,25,0.9427930106984901
6,26,0.9436844241933964
6,27,0.9221382620517671
6,28,0.916564203945642
6,29,0.9102897098175152
6,30,0.9167432659627434
6,31,0.9100306909716648
6,32,0.9097499935061041
7,0,0.9931594035648577
7,1,1.00125036299474
7,2,0.9749467628019822
7,3,0.977263366259007
7,4,0.9579080589029683
7,5,0.9434049962987977
7,6,0.9358685157156144
7,7,0.9415112185734532
7,8,0.9208667352496633
7,9,0.9180726103338959
7,10,0.9208277858088456
7,11,0.9178796865650363
7,12,0.9120863220693364
7,13,0.9125788929113332
7,14,0.9106299918306029
7,15,0.9078784877982613
7,16,0.9058239550921708
7,17,0.9082841285588275
7,18,0.986053801507217
7,19,0.9940041817621937
7,20,0.9991290050939317
7,21,1.003198095868935
7,22,0.9705634822708107
7,23,0.9722026990853588
7,24,0.96339103108072
7,25,0.9472829102398831
7,26,0.9407732519026163
7,27,0.928901384279166
7,28,0.9229652277134576
7,29,0.9182750679146333
7,30,0.9083528347969032
7,31,0.9050269900699831
7,32,0.9072774242137441
8,0,0.9940634340286901
8,1,0.992708015469934
8,2,0.9772475950387804
8,3,0.976196015171704
8,4,0.9613831398080083
8,5,0.9444415511984814
8,6,0.9384918051897214
8,7,0.933204289701247
8,8,0.9325769084401969
8,9,0.9169661188706012
8,10,0.9224209772434862
8,11,0.9194053715456677
8,12,0.9105814876294035
8,13,0.9041666571094231
8,14,0.9044742291145434
8,15,0.9043364467538829
8,16,0.9127913015270964
8,17,0.9077391151481208
8,18,1.002038786139128
8,19,0.9943383778673803
8,20,0.9922370566534047
8,21,0.9870733673952091
8,22,0.9823996490297797
8,23,0.9711106717606519
8,24,0.9642159537407747
8,25,0.9416958959094858
8,26,0.934117047866157
8,27,0.9278815634563332
8,28,0.9201578611896234
8,29,0.9165533418305496
8,30,0.9092022899103839
8,31,0.9062055169705905
8,32,0.9097935750953017
9,0,1.0089562896993896
9,1,0.9888107527326352
9,2,0.9791051997662366
9,3,0.9809876781246497
9,4,0.9709125909941618
9,5,0.9415792418910124
9,6,0.947864277817788
9,7,0.9351140044601653
9,8,0.9297835614616811
9,9,0.9240194881027297
9,10,0.9208614116731472
9,11,0.9184848146985364
9,12,0.9029062414047327
9,13,0.9085172685629453
9,14,0.9061020681891502
9,15,0.9126753722512637
9,16,0.8964795847137074
9,17,0.9039890961394358
9,18,0.9965366141680481
9,19,0.9977419765747491
9,20,0.9908246222770715
9,21,0.979054909625979
9,22,0.9807665362558787
9,23,0.9663593678743169
9,24,0.9520449226156158
9,25,0.9458847064790336
9,26,0.9388379084047687
9,27,0.9295719268334669
9,28,0.9134884492505656
9,29,0.9080103633410618
9,30,0.9054883793940754
9,31,0.9037177511500959
9,32,0.9090816219352686
10,0,0.996181457561404
10,1,0.9988076973571061
10,2,0.9868887548569178
10,3,0.9751577282265792
10,4,0.9651017569102917
10,5,0.940594597305733
10,6,0.9398596045797811
10,7,0.9389437386354045
10,8,0.9182509535632392
10,9,0.9081068449740336
10,10,0.9122900649330798
10,11,0.9102931666627682
10,12,0.9102744587271757
10,13,0.8946674909962264
10,14,0.9174166868444651
10,15,0.9002945714267403
10,16,0.8939941124242438
10,17,0.9019456639528222
10,18,0.9991199079664532
10,19,0.9933781522096158
10,20,0.9870512608819392
10,21,0.9926820911866459
10,22,0.9806545311660816
10,23,0.9777167648527735
10,24,0.9650864071915103
10,25,0.9366758143590908
10,26,0.9444862056664567
10,27,0.920417440859858
10,28,0.9161438226797392
10,29,0.9167546918951658
10,30,0.9016292752630435
10,31,0.9083083706880133
10,32,0.9051892049123752
11,0,0.992212768364876
11,1,0.9954495115252057
11,2,0.9823789640521556
11,3,0.9641922513348026
11,4,0.9636519692184029
11,5,0.9400522631152967
11,6,0.9349539916468379
11,7,0.9357600093827293
11,8,0.9282565378992544
11,9,0.9236107249466239
11,10,0.9197659646230589
11,11,0.9146471400682553
11,12,0.9122361544916249
11,13,0.9073125432016015
11,14,0.9027865416926881
11,15,0.8966835776371522
11,16,0.891846664773641
11,17,0.906137653891648
11,18,0.9989062155299263
11,19,0.9886434356023294
11,20,0.9972870706844138
11,21,1.000991896858111
11,22,0.9774419333260401
11,23,0.9669909157823192
11,24,0.9699472429685297
11,25,0.9442564963753993
11,26,0.9322575568564534
11,27,0.9200969755984011
11,28,0.9136440172921161
11,29,0.9097949931886229
11,30,0.9125718749180429
11,31,0.9066958805441501
11,32,0.9033394811531753
12,0,0.9994826140768804
12,1,0.9911459536506902
12,2,0.9753259401667912
12,3,0.967619991595473
12,4,0.9529424235964766
12,5,0.938846747183774
12,6,0.9284287382627211
12,7,0.9283127810069652
12,8,0.9278417829648078
12,9,0.9246660649585865
12,10,0.9181840647776085
12,11,0.9163615816720411
12,12,0.9040544138789448
12,13,0.9028883531730486
12,14,0.9152896960820888
12,15,0.900851377319561
12,16,0.9024552676493948
12,17,0.898650909378561
12,18,1.003465623606744
12,19,0.99616790597571
12,20,0.9973289409355245
12,21,0.9945866813163871
12,22,0.9710657858333505
12,23,0.9698439944201445
12,24,0.9719763150667342
12,25,0.9414434755175975
12,26,0.9328028083167562
12,27,0.9210147933018434
12,28,0.9095002641762806
12,29,0.9060799001683607
12,30,0.9130226747938619
12,31,0.9039235135716827
12,32,0.9160980728548054
13,0,1.004630905552056
13,1,1.0024251827816526
13,2,0.9707096418316635
13,3,0.9775881217791887
13,4,0.9624404055896254
13,5,0.9421173884724067
13,6,0.9434915538250667
13,7,0.9371290498088737
13,8,0.9248863889235645
13,9,0.915805203384657
13,10,0.9184847338437325
13,11,0.9134546251974524
13,12,0.9129713145956414
13,13,0.9144613428194345
13,14,0.8966953243708611
13,15,0.895897102220015
13,16,0.9001779373472077
13,17,0.8934530534380297
13,18,1.0015616675318666
13,19,0.9855522672940289
13,20,0.9914645875077571
13,21,0.9868553250384929
13,22,0.9729400670865453
13,23,0.9738648099598536
13,24,0.9713182048678853
13,25,0.9462496986450531
13,26,0.9291873393704771
13,27,0.9173129793459612
13,28,0.9113806859379641
13,29,0.9069120437587485
13,30,0.9052542394156784
13,31,0.9082256699655956
13,32,0.9036571317374593
14,0,0.9984010124409709
14,1,1.005728906868329
14,2,0.9856805940082416
14,3,0.9716032281243726
14,4,0.9621484811420601
14,5,0.9518951390713865
14,6,0.9346523722878557
14,7,0.9272228453990424
14,8,0.9127112329587279
14,9,0.9141969628633134
14,10,0.9106722876806196
14,11,0.9163516576266914
14,12,0.9014102506428591
14,13,0.9018436016744842
14,14,0.8997038526326542
14,15,0.897113422569449
14,16,0.8918295215460182
14,17,0.8994279730298996
14,18,0.9902106448045325
14,19,0.988442316427946
14,20,0.9986049150945042
14,21,0.9877626065102694
14,22,0.9762534517512752
14,23,0.9690545658202997
14,24,0.9716666104440795
14,25,0.9360605052210441
14,26,0.935202274744463
14,27,0.9205213981233605
14,28,0.9169418204576452
14,29,0.904798763132515
14,30,0.9089163356086908
14,31,0.8980202945380998
14,32,0.9036010597057789
15,0,0.9984991519093276
15,1,1.0017180559603516
15,2,0.9823391004122156
15,3,0.9666917910181996
15,4,0.9643969614464625
15,5,0.9428491486210739
15,6,0.9348344552509312
15,7,0.9344375831381905
15,8,0.9177539899864685
15,9,0.9181252997062698
15,10,0.9075424887441924
15,11,0.9163622967806586
15,12,0.8991859916976713
15,13,0.9090041324684878
15,14,0.9008393534449164
15,15,0.9036835952691116
15,16,0.8815554129967663
15,17,0.8833693521886531
15,18,1.005606168422976
15,19,0.9944023675554753
15,20,0.991646262999175
15,21,0.9976815840695008
15,22,0.975394091461326
15,23,0.9571927990930099
15,24,0.9630228918397695
15,25,0.9392500343615103
15,26,0.9361879856297759
15,27,0.9232357170946829
15,28,0.9113637581573316
15,29,0.9075688962244758
15,30,0.9007226705731448
15,31,0.9035232896144583
15,32,0.9045842839599078
16,0,0.9998097528058962
16,1,1.0017352500148242
16,2,0.966830251538245
16,3,0.9716415516392922
16,4,0.9595480243763983
16,5,0.9353559581851092
16,6,0.9396651632305774
16,7,0.9392554975378993
16,8,0.9223154917265692
16,9,0.9138417354501537
16,10,0.919479536170467
16,11,0.9137547275423762
16,12,0.907452174623161
16,13,0.9002524347608124
16,14,0.9070447204003088
16,15,0.9012287120581473
16,16,0.8909290342218664
16,17,0.8957583308774166
16,18,0.9955735335143714
16,19,0.987819975500334
16,20,0.9907963086146174
16,21,0.9922228432531447
16,22,0.9745245690411755
16,23,0.9711692736677279
16,24,0.9663301186888769
16,25,0.9420232829845009
16,26,0.9381165733833289
16,27,0.9169450778763111
16,28,0.9185406448557262
16,29,0.9010857377997827
16,30,0.9004595620360752
16,31,0.907353914188006
16,32,0.8922583900420553
17,0,0.9925841381850793
17,1,1.000254508380453
17,2,0.9825516824447049
17,3,0.9812506946319245
17,4,0.9567907859101805
17,5,0.9346312504875681
17,6,0.9332039882873465
17,7,0.9218398104696649
17,8,0.9330229646580648
17,9,0.9087588957577662
17,10,0.9159804741458921
17,11,0.9183935584150004
17,12,0.9073020977539017
17,13,0.8965662703034726
17,14,0.9014141754118523
17,15,0.8948590737886114
17,16,0.8906796486632157
17,17,0.893841576070739
17,18,1.0014802855474472
17,19,0.9874033831887928
17,20,0.993341108026594
17,21,0.9870047302456787
17,22,0.9688119114297569
17,23,0.9712226941019527
17,24,0.963973913117382
17,25,0.9328830985851427
17,26,0.9265378339090873
17,27,0.9196028226714666
17,28,0.9086675736052271
17,29,0.9076347618579246
17,30,0.9035050116757244
17,31,0.9041561601075917
17,32,0.9001665391238975
18,0,0.9945701789648236
18,1,0.9954900600216755
18,2,0.970765133149169
18,3,0.9594133142251517
18,4,0.9623354613571564
18,5,0.9377975797221552
18,6,0.9448790654212859
18,7,0.9377266417042021
18,8,0.9261871676295689
18,9,0.9152029160740098
18,10,0.9142801535282703
18,11,0.9198858609248456
18,12,0.9084951927748629
18,13,0.9050843482687382
18,14,0.9032599689463432
18,15,0.9007345740004185
18,16,0.8872606900403645
18,17,0.8959665367633199
18,18,0.9967080278152931
18,19,0.9936645733636358
18,20,0.9833316737884279
18,21,0.9918980410783836
18,22,0.9851803751251826
18,23,0.9696341370785823
18,24,0.9605882919134818
18,25,0.9341589801144289
18,26,0.9290953144726988
18,27,0.9157458214318821
18,28,0.8987923609899228
18,29,0.9136534897025782
18,30,0.8987774135469956
18,31,0.9106293453343455
18,32,0.9075386752675968
19,0,1.0003945047369516
19,1,0.9990906750187589
19,2,0.974759868488844
19,3,0.9755264321017503
19,4,0.9603700940327652
19,5,0.9497627253001101
19,6,0.9266420070343697
19,7,0.9268906488781332
19,8,0.9245393342356987
19,9,0.9154831513616053
19,10,0.9236637491921726
19,11,0.9056520170855741
19,12,0.9140360446771546
19,13,0.9020076186248751
19,14,0.8917151315684234
19,15,0.9003953683748711
19,16,0.8931214596363477
19,17,0.9037129698654494
19,18,0.9946056510307189
19,19,1.001089654045232
19,20,0.9967465096877922
19,21,0.9853122964679994
19,22,0.9719508057767644
19,23,0.9597576439940553
19,24,0.9708174214454097
19,25,0.9391298259466975
19,26,0.9349456415098711
19,27,0.9238844624265092
19,28,0.9081655264307986
19,29,0.902023244616752
19,30,0.8998124129946894
19,31,0.9005803760052499
19,32,0.9045002121978097
20,0,1.0018657041709744
20,1,0.9921825178837921
20,2,0.980957096060965
20,3,0.9621710372283993
20,4,0.9635432550708718
20,5,0.9486152011408543
20,6,0.9321726915758574
20,7,0.9357398165008136
20,8,0.9141451625619107
20,9,0.9198705158098377
20,10,0.9136194660736039
20,11,0.9097733511291617
20,12,0.9032066516906506
20,13,0.8987329497780242
20,14,0.8972556145140419
20,15,0.8954450934108407
20,16,0.8981820414393911
20,17,0.8931318716665088
20,18,0.9973652257222879
20,19,0.9924198338871589
20,20,0.9881386036292913
20,21,0.9933224213921568
20,22,0.9661132984709324
20,23,0.9594512514233959
20,24,0.9656243201081349
20,25,0.9398441552632145
20,26,0.9263267549614206
20,27,0.9126232466457802
20,28,0.9093502365440503
20,29,0.9144761416801579
20,30,0.8992806416152126
20,31,0.9030416535515986
20,32,0.9027616745959782
21,0,1.0027998261725921
21,1,0.9987112361175658
21,2,0.9774334548926492
21,3,0.9694655736918141
21,4,0.9618590376215063
21,5,0.9339979333423656
21,6,0.9383947248742878
21,7,0.9307888351474706
21,8,0.9102584517974334
21,9,0.915031507558636
21,10,0.9088012805968729
21,11,0.9100906446334848
21,12,0.9024169981354602
21,13,0.902320201329901
21,14,0.9066839210368425
21,15,0.8966478587028722
21,16,0.8928590994988571
21,17,0.8920578994270306
21,18,0.9954065574077371
21,19,0.9872323200899614
21,20,0.9935433781079875
21,21,0.991822497806648
21,22,0.9727435679938891
21,23,0.9597627989546803
21,24,0.9569814255384064
21,25,0.9389496178353071
21,26,0.930632447217629
21,27,0.9134146967713195
21,28,0.9082622153449553
21,29,0.9062857442056886
21,30,0.8946633934054704
21,31,0.9033083366353731
21,32,0.90940804818728
22,0,0.9972940818311788
22,1,0.9884053369468059
22,2,0.9871469248061621
22,3,0.9603208744290144
22,4,0.9559340475680083
22,5,0.9358284289511843
22,6,0.9274710334479611
22,7,0.9207297848788807
22,8,0.9172850093627289
22,9,0.9137425504047161
22,10,0.9127089735080259
22,11,0.9119682485370542
22,12,0.9062423829829155
22,13,0.9030702599226628
22,14,0.8866523442403517
22,15,0.8950521385407249
22,16,0.8962719676483268
22,17,0.8935064020633446
22,18,0.9910725952153637
22,19,0.9967834331114546
22,20,0.9936305674674643
22,21,0.9904129729357316
22,22,0.9820103713418317
22,23,0.9655960405317573
22,24,0.9623919440702231
22,25,0.9335655768402774
22,26,0.9298827064635201
22,27,0.9152059604293818
22,28,0.9051132794081302
22,29,0.9101109628894165
22,30,0.8935302217110127
22,31,0.8998251272330823
22,32,0.9073496167768107
23,0,0.9986143412762397
23,1,0.9980231842369598
23,2,0.9751885547484306
23,3,0.9767996765887242
23,4,0.961462979835451
23,5,0.9359812920966069
23,6,0.9373682826240086
23,7,0.9329400366731165
23,8,0.9211822509745353
23,9,0.9079675230939256
23,10,0.9023450666204502
23,11,0.9156403626022065
23,12,0.9133035193643826
23,13,0.8968987277450127
23,14,0.8857652744352013
23,15,0.8953215662080578
23,16,0.887835836059679
23,17,0.8845802176622298
23,18,0.9909227327010629
23,19,0.9936381460849395
23,20,0.997031388546436
23,21,0.9975128356723943
23,22,0.9688968641415429
23,23,0.9627549920171274
23,24,0.9556758514111139
23,25,0.9458965063473839
23,26,0.9399304700585207
23,27,0.9256101589227814
23,28,0.9125789226133951
23,29,0.8955638830104901
23,30,0.905469394995969
23,31,0.8996463413226159
23,32,0.9040402513481168
24,0,0.9999568876096188
24,1,0.9931350974821389
24,2,0.977134570816014
24,3,0.975055362087281
24,4,0.9562914593202771
24,5,0.9454478978091181
24,6,0.9364398975750442
24,7,0.9312671681472351
24,8,0.9319512108999988
24,9,0.9126601935676193
24,10,0.9095120347409523
24,11,0.9147448356189826
24,12,0.9043918660665236
24,13,0.9006639985055628
24,14,0.9003864417020772
24,15,0.8856726702428624
24,16,0.8881692027593107
24,17,0.9002808353253668
24,18,0.9936471668843402
24,19,0.992659157035625
24,20,0.9938615860085783
24,21,0.9929847855180882
24,22,0.9783213041606169
24,23,0.9741662945562765
24,24,0.9631897828514199
24,25,0.9327441704890849
24,26,0.9224265389313233
24,27,0.9140481120258107
24,28,0.915526091909158
24,29,0.9019858852740836
24,30,0.8988004877469431
24,31,0.9037268783124219
24,32,0.9009199137045619
25,0,0.9934959231042008
25,1,0.999691062166305
25,2,0.9801131380807965
25,3,0.9676033238414194
25,4,0.9515830490249066
25,5,0.9345443600887571
25,6,0.9342060602131822
25,7,0.9398540470842337
25,8,0.9208468872117636
25,9,0.9139347115016556
25,10,0.9069297866235027
25,11,0.9115910858924553
25,12,0.902317328176548
25,13,0.9093409623296138
25,14,0.8904210214899061
25,15,0.8965122761492068
25,16,0.9026728612965543
25,17,0.8945667994341308
25,18,1.0011260963504074
25,19,0.9914553405222999
25,20,0.9877167985834713
25,21,0.9818741610258406
25,22,0.9754517174066705
25,23,0.9650650687787564
25,24,0.9618745953358961
25,25,0.9304902114095289
25,26,0.9318521651258601
25,27,0.9214104356003674
25,28,0.909011435784069
25,29,0.9012797732367647
25,30,0.8961360545905304
25,31,0.8981627983737647
25,32,0.8970999858835077
26,0,0.9979025375648406
26,1,0.9922700975256381
26,2,0.9785967023631192
26,3,0.97005535387289
26,4,0.9485620340536601
26,5,0.9434515997884052
26,6,0.9314391226723588
26,7,0.9205481942560372
26,8,0.9323989261048915
26,9,0.9167866710299735
26,10,0.9075916011297624
26,11,0.910816943516037
26,12,0.9006489575482395
26,13,0.89771337690342
26,14,0.8975764956220227
26,15,0.8960630734507109
26,16,0.8990303397561693
26,17,0.8951830654656457
26,18,1.0048638136907975
26,19,0.9856061943337328
26,20,0.9935899854619634
26,21,0.9944987664363337
26,22,0.9777891541534331
26,23,0.9612237268408249
26,24,0.9632598490842181
26,25,0.9413250014937729
26,26,0.9375089705057
26,27,0.9214212551234371
26,28,0.9039900236228189
26,29,0.9128155102712503
26,30,0.9011222542404475
26,31,0.8990977687398094
26,32,0.8944894332715785
27,0,0.993485604951379
27,1,1.0044607660643194
27,2,0.9859829732752639
27,3,0.973861768788915
27,4,0.9689841323071625
27,5,0.9457959559278192
27,6,0.9262737874083958
27,7,0.92862321291264
27,8,0.9268824693892492
27,9,0.9126779568235228
27,10,0.912311646804279
27,11,0.9062325681367994
27,12,0.9035040776480635
27,13,0.8984534853312431
27,14,0.8951213775968317
27,15,0.89017686730332
27,16,0.8901950601937046
27,17,0.8877021691274747
27,18,0.9942634113620585
27,19,1.0006273736511362
27,20,0.9872092413834547
27,21,0.9901092716321288
27,22,0.9716731357080954
27,23,0.9661716301651352
27,24,0.9544884718282025
27,25,0.9405721693241366
27,26,0.9332023762585308
27,27,0.9294043024431898
27,28,0.9097413618681449
27,29,0.8977804750532233
27,30,0.9046568595909272
27,31,0.9039171587127043
27,32,0.903985371142229
28,0,0.9999546183244604
28,1,0.9934252027663113
28,2,0.9747806739043011
28,3,0.9556659590649089
28,4,0.9537396863097755
28,5,0.9422150090868274
28,6,0.931253558778821
28,7,0.9268602543750735
28,8,0.9186379044228732
28,9,0.9151468641574891
28,10,0.9099564141874843
28,11,0.9070008310761541
28,12,0.8964604415515117
28,13,0.9022339701984243
28,14,0.9037326463351103
28,15,0.8952039256106578
28,16,0.8944015994450942
28,17,0.8945879073868418
28,18,0.9980472536406271
28,19,0.9968083434418297
28,20,0.9858514871365934
28,21,0.9877241688466073
28,22,0.978924070557745
28,23,0.9665164936769277
28,24,0.9630520004227625
28,25,0.9276782680948833
28,26,0.9300596817840003
28,27,0.9256096201501797
28,28,0.9064115634781887
28,29,0.9065645211519797
28,30,0.9053730275432162
28,31,0.8997583636956055
28,32,0.9062138587490016
29,0,1.0026820252594504
29,1,0.9945024035295748
29,2,0.9751018922113277
29,3,0.9694236787425723
29,4,0.9701106310481213
29,5,0.9415601151569554
29,6,0.9360853734907385
29,7,0.9264411863114069
29,8,0.9203346208081322
29,9,0.90785946557111
29,10,0.9226105762244119
29,11,0.9160520405234119
29,12,0.9029469868225346
29,13,0.9013233552807071
29,14,0.9000217005586959
29,15,0.8918384367152328
29,16,0.8895757297654279
29,17,0.9013086893234536
29,18,0.9953381318422547
29,19,0.984346417038829
29,20,0.9926200746710172
29,21,0.9893452819862748
29,22,0.974325448740286
29,23,0.9681048418620187
29,24,0.9631056640838596
29,25,0.9404541299863715
29,26,0.9290002731236253
29,27,0.9190225414284833
29,28,0.8974993383438165
29,29,0.9080669043263135
29,30,0.9044417851253774
29,31,0.905659830327727
29,32,0.9033571694369302
30,0,1.0078004524222062
30,1,0.994736725739893
30,2,0.978092314991475
30,3,0.9674345342610227
30,4,0.9549455751939268
30,5,0.941084782755963
30,6,0.9280606104319057
30,7,0.9304624664615492
30,8,0.9157164360109947
30,9,0.9181049604377701
30,10,0.9175437867217144
30,11,0.9132586129544509
30,12,0.9060506296758095
30,13,0.9021353654344137
30,14,0.9035254805641678
30,15,0.8922177317668805
30,16,0.8984560875572875
30,17,0.9005944863573436
30,18,1.0006612769074363
30,19,0.9965110150481482
30,20,0.9869196156913863
30,21,0.989156954208624
30,22,0.974211409306618
30,23,0.9606910309941222
30,24,0.9690045044114296
30,25,0.9404477561806457
30,26,0.929241191187205
30,27,0.9186716062257353
30,28,0.9125137927071103
30,29,0.8969253968917216
30,30,0.9042551117788237
30,31,0.8936339704856725
30,32,0.9051753688956895
31,0,1.0027008735868932
31,1,1.0019724823470888
31,2,0.990136161280308
31,3,0.9630654348678879
31,4,0.9674685568002581
31,5,0.9315480954303657
31,6,0.9302429119036252
31,7,0.9265866062695031
31,8,0.9236408691024407
31,9,0.9026919948459797
31,10,0.906454334799547
31,11,0.9179990471467204
31,12,0.9007459295026401
31,13,0.8979546836713084
31,14,0.9068409952613955
31,15,0.8979735276339514
31,16,0.8959809455632232
31,17,0.8963423400583853
31,18,0.9951186843930883
31,19,0.9950049686278468
31,20,0.9931983263248901
31,21,0.988704432774713
31,22,0.9709371082120419
31,23,0.9710724077023504
31,24,0.9563379369915354
31,25,0.9439897750644938
31,26,0.9225406516695106
31,27,0.9190330637353009
31,28,0.9098635548835066
31,29,0.9096680679214643
31,30,0.9001112722776872
31,31,0.8983387705115109
31,32,0.895040372144312
32,0,1.0072321616175235
32,1,0.9937340886556105
32,2,0.969041515325128
32,3,0.9810626668344548
32,4,0.9567086261101816
32,5,0.947398594519572
32,6,0.9429652248157868
32,7,0.9345935992509867
32,8,0.915566860753416
32,9,0.9167478949646476
32,10,0.916330801261487
32,11,0.9125344830161574
32,12,0.905195888606341
32,13,0.9108992115314051
32,14,0.8941079778192124
32,15,0.9009107061189331
32,16,0.892210869726026
32,17,0.8949597914152605
32,18,0.9889480913974872
32,19,0.992111892250345
32,20,0.9850415369500555
32,21,0.9850804205364168
32,22,0.96812265464083
32,23,0.9723520372916142
32,24,0.9664547105095196
32,25,0.9418496565200821
32,26,0.938753376856805
32,27,0.9199056600482203
32,28,0.9073625897687583
32,29,0.9082308942295848
32,30,0.8950334360835678
32,31,0.8966226084795378
32,32,0.8966498166764003
33,0,1.0048445415997371
33,1,0.9980176176280572
33,2,0.9747682074011776
33,3,0.9780652152846036
33,4,0.9611733583076724
33,5,0.9383697869296304
33,6,0.9387675945370739
33,7,0.9152279280824586
33,8,0.9258276291872497
33,9,0.9150180732323352
33,10,0.9178487965580394
33,11,0.9190764890025837
33,12,0.9131874830749064
33,13,0.9019794791619178
33,14,0.9028466507147163
33,15,0.89680757093109
33,16,0.8882956959219368
33,17,0.8938651612857585
33,18,1.0013420083595466
33,19,0.9963937175927251
33,20,0.9924688388809674
33,21,0.9899474271974871
33,22,0.9764397742738574
33,23,0.960908182698838
33,24,0.972499410817125
33,25,0.9363512866408847
33,26,0.9381449846732425
33,27,0.9196280760477124
33,28,0.9135791654467659
33,29,0.9088037062056962
33,30,0.9059424369683776
33,31,0.9047051707257922
33,32,0.9054106859162178
34,0,0.9884465814522502
34,1,1.0005136367344845
34,2,0.982767423397265
34,3,0.9716962799589877
34,4,0.9589947548622814
34,5,0.9415188819154299
34,6,0.9285585312579867
34,7,0.9260561587388128
34,8,0.9314708368122029
34,9,0.910721661716055
34,10,0.9194993478747189
34,11,0.9213684398409586
34,12,0.9078023994737828
34,13,0.8998634983337531
34,14,0.9089193823779211
34,15,0.8964498274927525
34,16,0.8983659528965287
34,17,0.8954121029465235
34,18,0.9960831110571632
34,19,0.9904990546690992
34,20,0.9894665772639661
34,21,0.987804706844855
34,22,0.9788645098412182
34,23,0.9752141249903256
34,24,0.9719045457714043
34,25,0.9440400207866215
34,26,0.9391191498900335
34,27,0.9321895234799544
34,28,0.8979876042811136
34,29,0.8996282447793161
34,30,0.8976455622235303
34,31,0.89678135977164
34,32,0.9090187038841343
35,0,1.0021701466293467
35,1,0.998867548815367
35,2,0.9707264412516988
35,3,0.9767940863454286
35,4,0.9598468767953844
35,5,0.9448459562437156
35,6,0.9395371913199793
35,7,0.9382485133693359
35,8,0.9210601525874672
35,9,0.9157584094968617
35,10,0.9193891569666711
35,11,0.9189017311128461
35,12,0.9200194314578252
35,13,0.9006917950362913
35,14,0.9015294907209416
35,15,0.901445830741334
35,16,0.8904369088492875
35,17,0.888981461781435
35,18,0.9899624370531096
35,19,0.9936345903029464
35,20,0.9885247402947246
35,21,0.9912445957726678
35,22,0.971338869581623
35,23,0.9695517098954793
35,24,0.9680604239410223
35,25,0.9364458917150592
35,26,0.9268440748352499
35,27,0.9256223795480049
35,28,0.9151924006219773
35,29,0.9081368601545224
35,30,0.9028652410322076
35,31,0.9029870653741172
35,32,0.9061383836324237
36,0,1.0017397457499257
36,1,0.9957791703042657
36,2,0.9867859321943417
36,3,0.9720360533687651
36,4,0.9660534098525402
36,5,0.9432110553693015
36,6,0.9379787314786114
36,7,0.9306537090003256
36,8,0.9272927667965466
36,9,0.9098327198241088
36,10,0.9213439966830047
36,11,0.9103094637104623
36,12,0.9027343567642255
36,13,0.9031943414329561
36,14,0.90315433963825
36,15,0.8968458048445748
36,16,0.9071755968214027
36,17,0.8977834993555934
36,18,0.9989624414094224
36,19,0.9985693298452049
36,20,0.988490855714629
36,21,0.9886482169967252
36,22,0.9786407908329703
36,23,0.9797161313369477
36,24,0.9640693844510942
36,25,0.9313542363344621
36,26,0.9457695095926251
36,27,0.9227746992795501
36,28,0.916060759893882
36,29,0.9089860108915332
36,30,0.9095178654367351
36,31,0.9043688928918611
36,32,0.8992744104926272
37,0,1.0129575580941412
37,1,0.9965197869936723
37,2,0.9767692291776578
37,3,0.9719932051493348
37,4,0.957275799803821
37,5,0.9405942705287214
37,6,0.94613029637314
37,7,0.9330297122497708
37,8,0.9214534620516944
37,9,0.9195548904431565
37,10,0.9205760862557345
37,11,0.913964100491909
37,12,0.922087639821425
37,13,0.9103479390350373
37,14,0.9062937467145735
37,15,0.9119093792502804
37,16,0.9092375662101195
37,17,0.897855660820118
37,18,0.9915390434960197
37,19,0.9928509505784474
37,20,0.9923448174648448
37,21,0.9917548807161153
37,22,0.9909011346565254
37,23,0.9716214430737137
37,24,0.960660529744409
37,25,0.9413572878869196
37,26,0.9368860130868935
37,27,0.921182579758921
37,28,0.9163068612059538
37,29,0.913182168011312
37,30,0.9052080547507183
37,31,0.9036497552837872
37,32,0.9056906129625618
38,0,1.0033711315576297
38,1,0.9964185719123599
38,2,0.9826779150291634
38,3,0.9786838831857244
38,4,0.9691107291818802
38,5,0.9451669157269246
38,6,0.9427316225621103
38,7,0.9269076313404085
38,8,0.920783247974742
38,9,0.9145979246310172
38,10,0.9235925289523161
38,11,0.9152480878093605
38,12,0.9146868956553009
38,13,0.9046563152606579
38,14,0.9046773013296864
38,15,0.9040806531068621
38,16,0.9109459487954484
38,17,0.9019721490014613
38,18,0.9937865487394777
38,19,0.9914765536553256
38,20,0.9926891121523136
38,21,0.9945391469505336
38,22,0.9726770342160811
38,23,0.9681643821619593
38,24,0.9636487562150089
38,25,0.9371370876394679
38,26,0.9245684953323206
38,27,0.9128045418914006
38,28,0.915651508481359
38,29,0.9060649382884589
38,30,0.9075993486999313
38,31,0.9103073632862948
38,32,0.9064930957803898
39,0,1.0059100771959992
39,1,0.9937227900515339
39,2,0.9830065625146569
39,3,0.9675905985481051
39,4,0.9637081226014
39,5,0.9449632138171871
39,6,0.9431247627973252
39,7,0.934436384183208
39,8,0.9262697707550168
39,9,0.9177665940261295
39,10,0.9169890911421313
39,11,0.9132944500939519
39,12,0.8996985647595188
39,13,0.904809916345354
39,14,0.9063600731625763
39,15,0.9170046184865982
39,16,0.8880408549118036
39,17,0.9062644301641956
39,18,0.9991470874916841
39,19,0.9940561645383916
39,20,0.994911724432417
39,21,0.9828356897866193
39,22,0.9797206683638922
39,23,0.9665980852513439
39,24,0.9637403684701311
39,25,0.9398926466605122
39,26,0.9342132355549198
39,27,0.9239003153294094
39,28,0.9216593762561126
39,29,0.9221276200852244
39,30,0.9065154381274492
39,31,0.9105761013337494
39,32,0.9143598827932594
40,0,0.9903266912457094
40,1,0.9894755923863031
40,2,0.989897177202905
40,3,0.9702742512405272
40,4,0.9582574395625085
40,5,0.9335023362761318
40,6,0.9397385335685193
40,7,0.9342130857485245
40,8,0.9286426526319735
40,9,0.9258197470015727
40,10,0.9251868676506841
40,11,0.919460621514389
40,12,0.9029923255259154
40,13,0.9108669666223532
40,14,0.912630929713402
40,15,0.9082859507879489
40,16,0.8963214700690809
40,17,0.8991167553297357
40,18,1.0089000509778592
40,19,0.990382340934697
40,20,0.9853993142455179
40,21,0.9899942488099436
40,22,0.9765181600032915
40,23,0.970199539037271
40,24,0.9783485155044201
40,25,0.927696517637081
40,26,0.9462123067950489
40,27,0.9224940443002089
40,28,0.918753417694218
40,29,0.9214071813093265
40,30,0.9105971029383007
40,31,0.9095552616868074
40,32,0.9111500470600015
41,0,0.9996487251939303
41,1,0.9965965719835534
41,2,0.9845978534358975
41,3,0.9778043139534615
41,4,0.9608519940697882
41,5,0.9466767901571808
41,6,0.9452587935944545
41,7,0.9379072879539941
41,8,0.9298836314550604
41,9,0.9276788529604281
41,10,0.9229009036487354
41,11,0.9348280797233695
41,12,0.9112982428897455
41,13,0.9084400062575257
41,14,0.9056477915087534
41,15,0.9052407284732263
41,16,0.9051640049708447
41,17,0.9011892864492849
41,18,0.995924277731511
41,19,0.9914334170679423
41,20,0.9908076688406174
41,21,0.9815141570072563
41,22,0.9782758146130137
41,23,0.9798069310469345
41,24,0.9666787209274632
41,25,0.9437733420300305
41,26,0.9384810123553573
41,27,0.9272814549095891
41,28,0.927842902030299
41,29,0.9202487576529728
41,30,0.9117288359457307
41,31,0.9106358758113272
41,32,0.9139723600381305
42,0,0.9980920819614499
42,1,1.0080263393381568
42,2,0.9863183893505958
42,3,0.9798844907666495
42,4,0.9616148785158105
42,5,0.9418976978845214
42,6,0.942832925661586
42,7,0.9301071892760219
42,8,0.938469627617821
42,9,0.931844629973495
42,10,0.9270352202105392
42,11,0.9264806440670306
42,12,0.9161374956983733
42,13,0.913941585974361
42,14,0.9142746903057255
42,15,0.9095301664116016
42,16,0.9009969696958036
42,17,0.9018323040653756
42,18,0.9984628594353715
42,19,0.994179519683174
42,20,0.9848285559793424
42,21,0.9949781627102189
42,22,0.9794146147299808
42,23,0.9780870376583829
42,24,0.9599961371267008
42,25,0.9454599864092633
42,26,0.9417332236096405
42,27,0.9291418153826992
42,28,0.9212192932180195
42,29,0.915681640657936
42,30,0.9082017671670274
42,31,0.9046769609707442
42,32,0.9126341376093731
43,0,0.9938115468772183
43,1,0.9995280583433476
43,2,0.9793780657077322
43,3,0.9753275736108638
43,4,0.9697746717415925
43,5,0.9444292774513245
43,6,0.9416592974652906
43,7,0.938952978228179
43,8,0.9337120897086069
43,9,0.9243251242751853
43,10,0.9270151611951476
43,11,0.9289341941228408
43,12,0.9206587380792521
43,13,0.9204703059828457
43,14,0.9129479584035981
43,15,0.8997069216273205
43,16,0.908434820882749
43,17,0.9020278188573979
43,18,0.9865038730089938
43,19,0.9983120628045753
43,20,0.9893760945110589
43,21,0.9832495684809013
43,22,0.9639791167646736
43,23,0.965163376804728
43,24,0.9684611768025372
43,25,0.9424291155951924
43,26,0.93309424371072
43,27,0.93446098097216
43,28,0.9203516555644161
43,29,0.9149159009272783
43,30,0.9161532714494176
43,31,0.9071860215111601
43,32,0.9108336317084786
44,0,0.9903035333811342
44,1,0.9998563431962205
44,2,0.9877707745614646
44,3,0.9751343145502749
44,4,0.9667624140508867
44,5,0.9473317383478483
44,6,0.9489049764186749
44,7,0.9419380633763464
44,8,0.9278524701189396
44,9,0.923710869317494
44,10,0.9180341167610386
44,11,0.9237929945694311
44,12,0.9120033636995539
44,13,0.911581912560946
44,14,0.9158108905719199
44,15,0.9101596537050166
44,16,0.9072861323282758
44,17,0.9105209303454074
44,18,0.9945363821496097
44,19,0.9839169171288938
44,20,0.9951689864685449
44,21,0.9920805822900944
44,22,0.9759123695168782
44,23,0.9723789179444694
44,24,0.9719340847117222
44,25,0.9391126013370704
44,26,0.9319169728004841
44,27,0.9319803234141695
44,28,0.9215884712106521
44,29,0.9230920732601765
44,30,0.9243834689383054
44,31,0.9076944939199715
44,32,0.9189592665502043
45,0,1.0015635767922544
45,1,0.9985565519662604
45,2,0.9830762828807866
45,3,0.975029292354367
45,4,0.972744837886538
45,5,0.9481742051675145
45,6,0.9494059592732415
45,7,0.9366443093927788
45,8,0.9278167403572963
45,9,0.9320426039478836
45,10,0.923751329072866
45,11,0.9166406031515935
45,12,0.914793327156176
45,13,0.9173118928674227
45,14,0.9107623737238525
45,15,0.9114593734381776
45,16,0.9079633149965596
45,17,0.9173010234062954
45,18,0.998438774662389
45,19,0.988751632470641
45,20,0.9923480435706731
45,21,0.9912833715188019
45,22,0.9778848188939901
45,23,0.9724216282354823
45,24,0.9676424367991797
45,25,0.9489821251558667
45,26,0.9454142509689937
45,27,0.9305321832229884
45,28,0.9155743549661011
45,29,0.9139320407578835
45,30,0.9147787855764432
45,31,0.9104764347997535
45,32,0.9132633752332179
46,0,1.0067492611671627
46,1,1.000852839828919
46,2,0.9849273594426676
46,3,0.9828892156574307
46,4,0.9704410961855519
46,5,0.9525818651029879
46,6,0.9406665872596646
46,7,0.937038871614966
46,8,0.9372151693576408
46,9,0.9191046644848113
46,10,0.9368970547749991
46,11,0.9253360844150655
46,12,0.9201803545942603
46,13,0.9144272192302373
46,14,0.9202108573282077
46,15,0.9098072062686511
46,16,0.9109243846089665
46,17,0.9106261102280062
46,18,0.9958465611964962
46,19,0.9928099842540439
46,20,0.9858320476885959
46,21,0.9838745523818122
46,22,0.9757640039281005
46,23,0.9650116726156417
46,24,0.9683074571908425
46,25,0.9393295686131087
46,26,0.9450254078597482
46,27,0.9411232892244853
46,28,0.9171781279237098
46,29,0.9201552265914816
46,30,0.9198634552218767
46,31,0.9116803932167933
46,32,0.9059914713130474
47,0,0.9929855095865315
47,1,1.0036516246700182
47,2,0.9838988253286306
47,3,0.983519393722465
47,4,0.9637158831521421
47,5,0.946693338508082
47,6,0.9419161539818802
47,7,0.9457835536887945
47,8,0.9333331239664822
47,9,0.9171630054929836
47,10,0.92285105441745
47,11,0.9309989267115745
47,12,0.9265939944436109
47,13,0.9145398778148164
47,14,0.9104114590577296
47,15,0.9079519765729311
47,16,0.9193792883773964
47,17,0.9108492140985639
47,18,1.003064280406634
47,19,0.9940555581432389
47,20,0.9917155152145652
47,21,0.9939230677042985
47,22,0.9808790845556533
47,23,0.9749012717063571
47,24,0.9736837409011907
47,25,0.950016726806571
47,26,0.9459903561443697
47,27,0.9398907864650992
47,28,0.9247747052975644
47,29,0.916450012040439
47,30,0.9224796746002216
47,31,0.9177000676867281
47,32,0.9185618931163257
48,0,0.9959948735539905
48,1,1.0016630073536024
48,2,0.9874568918136731
48,3,0.9748064604034159
48,4,0.9610371310888394
48,5,0.9546327428427511
48,6,0.952093187776697
48,7,0.9442358616941029
48,8,0.9423995573685877
48,9,0.9254409572172284
48,10,0.9275628986708345
48,11,0.926223677370405
48,12,0.9271659485812628
48,13,0.9185598613407937
48,14,0.919500259663311
48,15,0.9185499254445807
48,16,0.9245777886103443
48,17,0.9119640019102353
48,18,1.0006206258388932
48,19,0.9875977084029715
48,20,0.9873626722416277
48,21,1.0007219657117365
48,22,0.9737624663643483
48,23,0.973756292083245
48,24,0.9707861270292929
48,25,0.9412980370816416
48,26,0.9487483928871393
48,27,0.9156569324544723
48,28,0.925949139705781
48,29,0.9226026725954669
48,30,0.9153444180087225
48,31,0.9121980503331487
48,32,0.9223554811246656
49,0,0.9972611215902307
49,1,0.9910602677307561
49,2,0.9883300688064054
49,3,0.9772572078919579
49,4,0.9698571921110614
49,5,0.9576176758595111
49,6,0.9527812422085239
49,7,0.9413318610698054
49,8,0.9423728570156892
49,9,0.9286519107429533
49,10,0.9366303558867901
49,11,0.922765054728357
49,12,0.9194701022208073
49,13,0.9202611612843602
49,14,0.9128804669501193
49,15,0.9229429296461712
49,16,0.9142893946734377
49,17,0.9181917393462266
49,18,0.9949246758214355
49,19,0.9873746115077068
49,20,0.9970018125670184
49,21,0.9896422613611896
49,22,0.9729348765531091
49,23,0.9819443690727901
49,24,0.966486944754291
49,25,0.9511775533381858
49,26,0.9436671257180541
49,27,0.9380655876364075
49,28,0.9308174760505012
49,29,0.9199428799439595
49,30,0.9167128842087512
49,31,0.918121152396031
49,32,0.9267332912712597
50,0,1.000966247942175
50,1,0.9880766876382202
50,2,0.9765640841704919
50,3,0.9817445141890987
50,4,0.9732364899362739
50,5,0.9500214954815376
50,6,0.9378117111531677
50,7,0.9475441063971145
50,8,0.9382526795758682
50,9,0.9296461296728831
50,10,0.923218708189904
50,11,0.9275060536516675
50,12,0.9141552517159597
50,13,0.9221277552804517
50,14,0.910993221650941
50,15,0.9210575612083205
50,16,0.9213623598516066
50,17,0.9160431040307099
50,18,0.9950056509929849
50,19,0.9915234531533337
50,20,0.9856854644839335
50,21,0.9949775350991232
50,22,0.9832662887717665
50,23,0.9722474944187336
50,24,0.975977531497429
50,25,0.9521017837077488
50,26,0.9498209356258849
50,27,0.943076441044597
50,28,0.9220340252448782
50,29,0.9251034212532624
50,30,0.9242447330341873
50,31,0.9158135510521339
50,32,0.9198223839571108
51,0,1.0018857023467527
51,1,1.001686634986287
51,2,0.9815155938924526
51,3,0.9811186172719919
51,4,0.9676721466678674
51,5,0.9551693537548017
51,6,0.9513989891898537
51,7,0.9585138270106821
51,8,0.9412742543403281
51,9,0.9365775163714098
51,10,0.9375080853010261
51,11,0.9391756848050657
51,12,0.9245597137519157
51,13,0.9198484985219634
51,14,0.9179291938164378
51,15,0.9187224515342939
51,16,0.9056686997777943
51,17,0.911220929115648
51,18,0.9936512456368931
51,19,0.9863581881685286
51,20,0.988852142045336
51,21,0.9990578920667997
51,22,0.9820151614909798
51,23,0.9708787729132804
51,24,0.9671329170102712
51,25,0.951401909362037
51,26,0.9451125205576668
51,27,0.9325385091178563
51,28,0.9213822812285952
51,29,0.9297542192985127
51,30,0.924361227986634
51,31,0.9182967736865462
51,32,0.921894644102098
52,0,1.0066126760149934
52,1,0.994692497470771
52,2,0.9847272861359612
52,3,0.9700389443260035
52,4,0.9740688533214651
52,5,0.9416741614821571
52,6,0.9495492957582199
52,7,0.942487199521038
52,8,0.931375650618069
52,9,0.9267640751580525
52,10,0.9372647172050197
52,11,0.9282283457177993
52,12,0.9287370658977666
52,13,0.920828262315034
52,14,0.915706904542799
52,15,0.9203886804587407
52,16,0.9240148822722898
52,17,0.9203425540920154
52,18,0.9961956474208349
52,19,0.9934136270793446
52,20,0.995640261825315
52,21,0.9918269258830626
52,22,0.9769103294147546
52,23,0.980225289859066
52,24,0.9702246724700518
52,25,0.9568414585486559
52,26,0.950855327095765
52,27,0.9472380277729053
52,28,0.9204856149798019
52,29,0.9299413064290131
52,30,0.9283142132008579
52,31,0.9215340309653834
52,32,0.9208079769003209
53,0,1.0075070469277767
53,1,0.9928275440784421
53,2,0.98445837371527
53,3,0.9818023982837226
53,4,0.9659091401420832
53,5,0.9503811890965216
53,6,0.9516376922579428
53,7,0.9529016273890708
53,8,0.9386658386378318
53,9,0.933016967304031
53,10,0.9273663711082222
53,11,0.9333572887820367
53,12,0.9298900845797996
53,13,0.9329844006728705
53,14,0.9197072601405528
53,15,0.9237620551222631
53,16,0.9168335674686879
53,17,0.9152377855422889
53,18,0.9957780417657446
53,19,0.9995200156060234
53,20,0.9950595248040749
53,21,0.9932897926924147
53,22,0.9769066853019652
53,23,0.9771993328442451
53,24,0.9770317927245367
53,25,0.9577504330897615
53,26,0.9568334832927265
53,27,0.9308445285037192
53,28,0.934694712948336
53,29,0.9244469095439877
53,30,0.9245084973613259
53,31,0.9223182511679623
53,32,0.913565411163141
54,0,0.993452246463464
54,1,0.9984381050376112
54,2,0.9798320281638943
54,3,0.9843482705511725
54,4,0.9696935866739812
54,5,0.9614765422458859
54,6,0.95281651724924
54,7,0.9486743585448467
54,8,0.9404183524828045
54,9,0.9355844162300258
54,10,0.9348016932544243
54,11,0.931705328329331
54,12,0.924011262426041
54,13,0.9242117508230083
54,14,0.9382881712716095
54,15,0.9223429402802755
54,16,0.9185666281436526
54,17,0.913703065479355
54,18,0.9960141372418452
54,19,0.9919042990571713
54,20,1.0022036955116223
54,21,0.9955903408792427
54,22,0.9842842417253956
54,23,0.9793329721511856
54,24,0.9675968542964622
54,25,0.9533395327624259
54,26,0.9410739555757446
54,27,0.9395232187695559
54,28,0.934487488024699
54,29,0.9219815616123023
54,30,0.9239963784235311
54,31,0.9214414843163713
54,32,0.9266384991957746
55,0,0.9976912595917747
55,1,1.0033278792078835
55,2,0.9800653532480376
55,3,0.976698029862154
55,4,0.9736325647600382
55,5,0.9610957092857866
55,6,0.9455317908021048
55,7,0.9535104123575547
55,8,0.9372632804178511
55,9,0.9393187970901895
55,10,0.9421888373290187
55,11,0.9302409514338928
55,12,0.9270018769693035
55,13,0.9442082488549326
55,14,0.9196591460414204
55,15,0.9238926188069406
55,16,0.9240976532468476
55,17,0.9185168290675529
55,18,0.9932718759451066
55,19,0.9906192434720547
55,20,0.9948294239594718
55,21,0.989961983206693
55,22,0.9736738832338282
55,23,0.9835372545950319
55,24,0.9820157902601441
55,25,0.9456598772689042
55,26,0.9532438664828276
55,27,0.9398583140961929
55,28,0.9343633063505536
55,29,0.9184823313784697
55,30,0.9182840468108102
55,31,0.9168571505225319
55,32,0.9203308408306881
56,0,0.9944450366111288
56,1,0.998225060073067
56,2,0.9793487669616295
56,3,0.9722272520186908
56,4,0.9757341182967819
56,5,0.9533736634969076
56,6,0.9558352814190908
56,7,0.9439804126164499
56,8,0.9380801830235234
56,9,0.9325117146700891
56,10,0.9461562502715432
56,11,0.9371903649413933
56,12,0.9363101841166377
56,13,0.9310595537443112
56,14,0.9304938691544195
56,15,0.9186758275068265
56,16,0.9231957509627047
56,17,0.9255111121658803
56,18,0.9993994554521081
56,19,0.9916461815479665
56,20,0.9911167283805001
56,21,0.983921174215909
56,22,0.9811309785276654
56,23,0.9785710397074747
56,24,0.9691401385636748
56,25,0.9522071860600181
56,26,0.9565050194918601
56,27,0.9417521725767689
56,28,0.9319298449542762
56,29,0.9334615956905389
56,30,0.932485229135746
56,31,0.9280285740719095
56,32,0.9282080694028879
57,0,1.0013486232011164
57,1,0.990206905396546
57,2,0.9795128447091517
57,3,0.976146639106916
57,4,0.984485453480279
57,5,0.9633989726423577
57,6,0.9502309400383375
57,7,0.9473424494003369
57,8,0.9358134846917765
57,9,0.938770517164473
57,10,0.9323851122422135
57,11,0.9217268385721107
57,12,0.9310028447037576
57,13,0.9335371816026886
57,14,0.9255525319235939
57,15,0.9300484391259402
57,16,0.9306983224237464
57,17,0.9221916782140543
57,18,1.010805803910563
57,19,0.9998897129716109
57,20,0.9869524222984546
57,21,0.989103947268443
57,22,0.9688389177217769
57,23,0.9796656695466922
57,24,0.9755085486666304
57,25,0.9595386539521961
57,26,0.9444624844355253
57,27,0.9489358543925385
57,28,0.9356802485464514
57,29,0.9400720210612015
57,30,0.9160230509847834
57,31,0.924094596334502
57,32,0.9249330706652669
58,0,1.002368813038228
58,1,0.9929466904295143
58,2,0.9817460936320964
58,3,0.9793073418144438
58,4,0.9715294344610503
58,5,0.9495550378963535
58,6,0.9627753581232416
58,7,0.9562250080884518
58,8,0.9393433120231092
58,9,0.9451240262273709
58,10,0.9447218811537177
58,11,0.9424312671098145
58,12,0.9222630348929094
58,13,0.9289566743242071
58,14,0.9272096655275628
58,15,0.935965233528764
58,16,0.9251373149762144
58,17,0.9313356444541394
58,18,0.9968148391142837
58,19,0.9838976333802595
58,20,1.003376631700984
58,21,0.9868710930895473
58,22,0.9740198399375307
58,23,0.9773601584418341
58,24,0.9765260231126721
58,25,0.9511134586202279
58,26,0.9487681341759039
58,27,0.942851815980904
58,28,0.9475130805184956
58,29,0.9329781624736687
58,30,0.9325627946685223
58,31,0.9271891551996868
58,32,0.9296163841475509
59,0,0.9993779110514229
59,1,1.0007274165363282
59,2,0.9928717968946087
59,3,0.9825095077181139
59,4,0.9675132537252452
59,5,0.958854102288902
59,6,0.9482923404165239
59,7,0.9524348252762262
59,8,0.9454042588641328
59,9,0.9381064077884609
59,10,0.938439996532634
59,11,0.9452138249934325
59,12,0.9350241008488581
59,13,0.9313888262335771
59,14,0.9285929283341585
59,15,0.9317412227823552
59,16,0.939995919004299
59,17,0.9287153652614432
59,18,0.9946671336235937
59,19,0.9980165727544963
59,20,0.9899407741944678
59,21,0.9975509635237384
59,22,0.9920016850451806
59,23,0.9819281540095384
59,24,0.9744500030728466
59,25,0.9547492300275013
59,26,0.9643289394173875
59,27,0.9447360522471511
59,28,0.9402839453003825
59,29,0.9333508130965945
59,30,0.9327579169124456
59,31,0.9220956500538504
59,32,0.9262050291480104
60,0,0.9995261323949828
60,1,0.992544757657617
60,2,0.988614699155942
60,3,0.9800313209435119
60,4,0.9744367353808195
60,5,0.9583767484296697
60,6,0.9542671043401999
60,7,0.9487205993477884
60,8,0.9421874129382474
60,9,0.9427726135971869
60,10,0.9414031088372222
60,11,0.9401519970456582
60,12,0.9295481045346542
60,13,0.9283890089844413
60,14,0.931774861787695
60,15,0.9352574528853523
60,16,0.9199848780085033
60,17,0.923956426492852
60,18,0.999227805856365
60,19,0.993118783333955
60,20,0.98550190783157
60,21,0.993033233545659
60,22,0.9862079822050243
60,23,0.9793823970959032
60,24,0.9687342061511657
60,25,0.9641505313775665
60,26,0.9632698161504067
60,27,0.9529582644826952
60,28,0.9422422310557673
60,29,0.9390311039685233
60,30,0.9285846866875481
60,31,0.9243573077137822
60,32,0.9342255107315875
61,0,0.9963844889114011
61,1,0.989356131834006
61,2,0.9902089634452433
61,3,0.9861735480116249
61,4,0.9787697081433232
61,5,0.9575981761585658
61,6,0.9507065631051769
61,7,0.9498577959520019
61,8,0.9464972444796045
61,9,0.9409145357868002
61,10,0.939592810102332
61,11,0.9350505719370773
61,12,0.9394324626397836
61,13,0.9298031205465306
61,14,0.9356532470175334
61,15,0.9273852277545933
61,16,0.9270585466543338
61,17,0.9270833539332949
61,18,0.9938979738991641
61,19,0.9983768896034702
61,20,0.9950434747733226
61,21,0.9906031823130176
61,22,0.9755998612750363
61,23,0.972705156655028
61,24,0.9865016000222384
61,25,0.9548533163456968
61,26,0.9557424257582174
61,27,0.9524213557214202
61,28,0.9353780213377019
61,29,0.9381190555926516
61,30,0.9295675188123925
61,31,0.933948844124176
61,32,0.9335937124194983
62,0,1.0048145846155228
62,1,0.9975172008323896
62,2,0.9878743801404023
62,3,0.9846535591760401
62,4,0.9786469708463421
62,5,0.9655583842906097
62,6,0.9589394420829193
62,7,0.9575605963045578
62,8,0.9486642917598318
62,9,0.9487085324044966
62,10,0.9409898472820258
62,11,0.9407000783864674
62,12,0.9322205225272941
62,13,0.9383298455647219
62,14,0.9345636728502352
62,15,0.931376497731755
62,16,0.9272343249709396
62,17,0.9233171004682637
62,18,0.995649504123473
62,19,0.995633688169266
62,20,0.9945301558613658
62,21,0.9974145457125558
62,22,0.9811255064796105
62,23,0.9845207894876117
62,24,0.9776810827542937
62,25,0.9574054696320992
62,26,0.9624739941856517
62,27,0.9401217156100042
62,28,0.9303611640587099
62,29,0.9453197765345028
62,30,0.9404226051665489
62,31,0.9269001760651887
62,32,0.9330509382825136
63,0,0.997700245487506
63,1,0.9969438522103281
63,2,0.9826690823220566
63,3,0.97936007399222
63,4,0.9663021728406945
63,5,0.9582776597571749
63,6,0.9573415469454231
63,7,0.9520563996756786
63,8,0.9462911131516859
63,9,0.9410763640700495
63,10,0.9294383641636916
63,11,0.9540559304960136
63,12,0.931678010051601
63,13,0.9379392991990787
63,14,0.9339007786408858
63,15,0.9316432341344039
63,16,0.9421671748795926
63,17,0.9320212067048262
63,18,0.9982028820428808
63,19,0.996095065203675
63,20,0.9863419989543581
63,21,0.9996008559125712
63,22,0.9839199649207196
63,23,0.9717063746317746
63,24,0.9790572299540231
63,25,0.9539525789162121
63,26,0.9539270202983292
63,27,0.9419427719330896
63,28,0.9391302194474322
63,29,0.9363451190344966
63,30,0.9331822074039516
63,31,0.9337502361930938
63,32,0.9267890134524698
64,0,0.9975914939557136
64,1,0.9951912660477301
64,2,0.989347661778175
64,3,0.9730898929315304
64,4,0.9669007382369076
64,5,0.9662949898847616
64,6,0.9592649011427317
64,7,0.953667383075489
64,8,0.9508654540673412
64,9,0.9382939328504076
64,10,0.949606363754488
64,11,0.9375965466960067
64,12,0.9440287662818395
64,13,0.9299151509087047
64,14,0.9278175205667816
64,15,0.9372805453005241
64,16,0.9375216014634776
64,17,0.9345755537992746
64,18,0.9912942684232485
64,19,0.991395921118627
64,20,0.9798273269868283
64,21,0.9843411670915644
64,22,0.9970487693754685
64,23,0.9694152497625317
64,24,0.9709119876544882
64,25,0.9544776655432431
64,26,0.9506041358421975
64,27,0.9528856003104529
64,28,0.933445982656515
64,29,0.9349755348096763
64,30,0.9287961010104321
64,31,0.9273933425365045
64,32,0.932182651132533
65,0,0.9935330030980747
65,1,0.9854453640091009
65,2,0.9866644655713058
65,3,0.9819817217741832
65,4,0.9786439535909851
65,5,0.9584546090930461
65,6,0.9580871680066149
65,7,0.9505681422745119
65,8,0.9554039930287732
65,9,0.9449888896793658
65,10,0.9479174160667811
65,11,0.9350599847436076
65,12,0.9380503054921187
65,13,0.9355509498226025
65,14,0.9374142693783767
65,15,0.9431443111726807
65,16,0.9306038348770946
65,17,0.9321512883082954
65,18,0.9943464727535609
65,19,0.9895930952461521
65,20,0.9948659643419073
65,21,0.9899382446225459
65,22,0.9882555487652117
65,23,0.9779148326145514
65,24,0.9793848034362255
65,25,0.9600234325986714
65,26,0.9581526309346312
65,27,0.945690406604409
65,28,0.943272330734559
65,29,0.935927883678816
65,30,0.9365688748844802
65,31,0.9341755468513996
65,32,0.9298709060529167
66,0,0.997784738107818
66,1,0.9978021145119782
66,2,0.9855766800127634
66,3,0.9861182300407656
66,4,0.9770553431009961
66,5,0.9577006210949084
66,6,0.96021806848907
66,7,0.9558593506758426
66,8,0.9504203499733165
66,9,0.9460593216394445
66,10,0.9474587846417959
66,11,0.9418483594172904
66,12,0.9369514825306152
66,13,0.9358823261288882
66,14,0.9363246607292242
66,15,0.9391468830610343
66,16,0.9262349642326695
66,17,0.929108080240962
66,18,0.9938752765744232
66,19,0.9900508017329848
66,20,0.9975810834555647
66,21,0.9964606774716331
66,22,0.9917659424407086
66,23,0.9729817799023949
66,24,0.9719690761732099
66,25,0.9632243726884302
66,26,0.9540284058251135
66,27,0.9493250432129522
66,28,0.9388966394783301
66,29,0.9365856128017169
66,30,0.9331459835338773
66,31,0.9259214560642899
66,32,0.9337000726976734
67,0,1.0022166481322767
67,1,0.9968915301063407
67,2,0.9935107883606231
67,3,0.9767220864753412
67,4,0.9733483438907609
67,5,0.9603780073185966
67,6,0.9635887605034775
67,7,0.9563308663824288
67,8,0.9533683994379721
67,9,0.9490718407778788
67,10,0.9375415594590142
67,11,0.9381542793057754
67,12,0.9339888137248213
67,13,0.9394504375760324
67,14,0.9226123035347393
67,15,0.9302497916425662
67,16,0.9324001708044191
67,17,0.941122458437427
67,18,0.9910003777208131
67,19,0.9893434767753235
67,20,0.9915911137081019
67,21,0.9971829343218206
67,22,0.9885512663353042
67,23,0.9846173803076348
67,24,0.9674913055502407
67,25,0.953977248391053
67,26,0.9468785153163473
67,27,0.9563299299313174
67,28,0.9328657500383516
67,29,0.9423141952696944
67,30,0.9355190391469348
67,31,0.944643194529932
67,32,0.9340884708548876
68,0,0.9959738865925497
68,1,1.0000223654546017
68,2,0.9887955964429549
68,3,0.9826224836485816
68,4,0.9754803644613591
68,5,0.9530840365526744
68,6,0.9569483944173894
68,7,0.952948662378919
68,8,0.9474056077029123
68,9,0.9399477181246818
68,10,0.9578781587816383
68,11,0.94996070382313
68,12,0.9403027058980424
68,13,0.9368246956636925
68,14,0.9362364980262602
68,15,0.9307668686060129
68,16,0.9346108900252804
68,17,0.934623118956327
68,18,0.9985475267384513
68,19,0.9811261418813723
68,20,0.9959828269490911
68,21,0.9946148012574725
68,22,0.9814628686797521
68,23,0.9783989736326665
68,24,0.977079268864749
68,25,0.9585801943775241
68,26,0.9594696401589492
68,27,0.9393712701902935
68,28,0.951467737890017
68,29,0.941394679058311
68,30,0.9345396189263082
68,31,0.9257703647848387
68,32,0.9377682059494382
69,0,1.0073055044627022
69,1,1.0055373641135437
69,2,0.988162461579609
69,3,0.9835835463832269
69,4,0.9871473601271874
69,5,0.9675684277876954
69,6,0.9564592864336068
69,7,0.9486344841693444
69,8,0.9499470595355891
69,9,0.9465666624512182
69,10,0.9518147747334288
69,11,0.9469535041938836
69,12,0.9386852431246678
69,13,0.9382343498557502
69,14,0.9396472537066394
69,15,0.9409841761815524
69,16,0.9365710565202907
69,17,0.9269010475834837
69,18,1.0005893886815904
69,19,0.9866128465014503
69,20,1.0065821590122725
69,21,0.9872363748347946
69,22,0.982772162486769
69,23,0.9791541794981088
69,24,0.9774557473718801
69,25,0.9588946138071965
69,26,0.94775549803492
69,27,0.9498712851263592
69,28,0.9460078352814972
69,29,0.9402002387694279
69,30,0.9291832177886619
69,31,0.9318964798695596
69,32,0.9382867983213808
70,0,0.9933532004091545
70,1,1.0033802550262012
70,2,0.9774479827024529
70,3,0.9785983753922576
70,4,0.9769282039914501
70,5,0.9657704553764728
70,6,0.9579760381997071
70,7,0.9411427680072749
70,8,0.9498322500682858
70,9,0.9383646831261209
70,10,0.9403278878984968
70,11,0.9449964385940411
70,12,0.9410742892470816
70,13,0.9383806518124231
70,14,0.9336616041330825
70,15,0.9412970117252074
70,16,0.9338413345758249
70,17,0.9261306812626607
70,18,0.9872947855845063
70,19,0.9958857379964516
70,20,0.9828182640414524
70,21,0.9925206167695796
70,22,0.9807464684252488
70,23,0.9765861568294009
70,24,0.9827719099066627
70,25,0.9683016241037529
70,26,0.9522325775292044
70,27,0.9461480733013755
70,28,0.9360767654410592
70,29,0.9335175328119646
70,30,0.9377446743294006
70,31,0.9419309160730633
70,32,0.9367745313150172
71,0,0.9993052555929237
71,1,0.9950021356906843
71,2,0.9845999480791181
71,3,0.9749965829465935
71,4,0.9759193577251242
71,5,0.96389901168113
71,6,0.9602100445086521
71,7,0.9522652866125086
71,8,0.9491085462350269
71,9,0.947055070926433
71,10,0.9400322214824766
71,11,0.9427349305100688
71,12,0.9372426218399899
71,13,0.9447405725400607
71,14,0.9397459353620445
71,15,0.9312158449824331
71,16,0.9267143151660336
71,17,0.9328504658294864
71,18,0.9937172388251581
71,19,0.9974751899690487
71,20,0.9966497362960318
71,21,0.9963491987999362
71,22,0.9952319021816625
71,23,0.9704756581384011
71,24,0.9780681233341869
71,25,0.957632154715608
71,26,0.9591722499118541
71,27,0.9423660922223818
71,28,0.9371369271210597
71,29,0.9464719641766407
71,30,0.9384748917853238
71,31,0.9345687212572459
71,32,0.9385212918488423
72,0,1.005123092523835
72,1,0.9982663050597396
72,2,0.987205792264231
72,3,0.9731590485240169
72,4,0.9826039769083708
72,5,0.956237026131014
72,6,0.9560016620984799
72,7,0.9464096050722136
72,8,0.9445824665286419
72,9,0.9478065411198083
72,10,0.9452783703858194
72,11,0.9451138667765633
72,12,0.9368848393198735
72,13,0.9439285135924007
72,14,0.9379852551528991
72,15,0.9328121057852378
72,16,0.9279316543186165
72,17,0.9423236828317553
72,18,0.9974220167859463
72,19,0.9940973213179186
72,20,0.9906829443092889
72,21,1.0035670399486347
72,22,0.989298251795498
72,23,0.9789438767190755
72,24,0.9889819246766959
72,25,0.9641212449689681
72,26,0.9581318759305986
72,27,0.9481994712339366
72,28,0.93415920447589
72,29,0.9378943286894593
72,30,0.9227971117595124
72,31,0.9408713930448704
72,32,0.9265236916656581
73,0,1.0042999464658742
73,1,1.0010922649143097
73,2,0.9864301330953142
73,3,0.978865314230942
73,4,0.9703076677488882
73,5,0.9622057051878433
73,6,0.9599844623437536
73,7,0.9544365091657023
73,8,0.9445101652014434
73,9,0.941806812550684
73,10,0.9431477186389811
73,11,0.9413743683535084
73,12,0.9370528742259233
73,13,0.941868472443599
73,14,0.9362006254354236
73,15,0.9404466115270221
73,16,0.9353979075465358
73,17,0.9277557312972856
73,18,0.9925486730726047
73,19,1.0010135268875593
73,20,0.9895922428640339
73,21,0.9916973534202433
73,22,0.9897222882773989
73,23,0.9826380852277928
73,24,0.9911636068433787
73,25,0.9564603278778316
73,26,0.9560636295081921
73,27,0.9433215165784541
73,28,0.938444974677611
73,29,0.9333453214984719
73,30,0.940371586181699
73,31,0.9312205517866549
73,32,0.9390702672501896
74,0,0.9894699513471027
74,1,0.9991716020585348
74,2,0.9822767152684683
74,3,0.982912388302303
74,4,0.9750238862856622
74,5,0.9634571153398365
74,6,0.9550058664426662
74,7,0.946563829819013
74,8,0.9490575402810536
74,9,0.9422435837624241
74,10,0.956752913140634
74,11,0.9351271585059947
74,12,0.936150217023732
74,13,0.9332986619380336
74,14,0.9410219862882978
74,15,0.927626535463126
74,16,0.9314548263056386
74,17,0.9271100293694118
74,18,1.00328998205306
74,19,0.9939762875878977
74,20,0.9907243571512734
74,21,1.0004082300441919
74,22,0.9849957770900494
74,23,0.9741728979346752
74,24,0.9694375286542235
74,25,0.9614051290681521
74,26,0.9517158642852773
74,27,0.9478611743447507
74,28,0.9394851089387329
74,29,0.9288347263616534
74,30,0.9370031667145726
74,31,0.9359531980687311
74,32,0.9345216218966437
75,0,1.0020059099127867
75,1,0.9933850057488028
75,2,0.9794355752549837
75,3,0.983124033377725
75,4,0.9818657627663618
75,5,0.9511178831121578
75,6,0.961222559517208
75,7,0.9549458422064894
75,8,0.9446094735129699
75,9,0.9498289355376517
75,10,0.9469487001355544
75,11,0.9471912648659779
75,12,0.9333688345099659
75,13,0.9381210774380159
75,14,0.934353295947986
75,15,0.9201418539751209
75,16,0.9351754780917267
75,17,0.9326067242329554
75,18,0.9887908666689402
75,19,0.9941077666278803
75,20,1.0002490850932246
75,21,0.992946288625047
75,22,0.9876108266755207
75,23,0.975795113535162
75,24,0.9836490797062546
75,25,0.9586622823665507
75,26,0.9519483840576972
75,27,0.9415327213626046
75,28,0.9338303584015811
75,29,0.9398916890644253
75,30,0.9296489416462377
75,31,0.9362163021865686
75,32,0.9361977038112783
76,0,0.9925415535005668
76,1,0.9885209841241237
76,2,0.9899196792498681
76,3,0.980369228761056
76,4,0.9732066511439312
76,5,0.9552829174149629
76,6,0.9574777937978065
76,7,0.9576507835179446
76,8,0.9470476710856957
76,9,0.9489284390676646
76,10,0.9385821054007997
76,11,0.9392975316150656
76,12,0.9431935778287401
76,13,0.9367976045982456
76,14,0.9333966612913613
76,15,0.9296810629475909
76,16,0.9283993517250614
76,17,0.9440337140494015
76,18,0.9992383728922624
76,19,0.9984664268417193
76,20,0.9978177549144103
76,21,0.9908220395834845
76,22,0.9942274258311014
76,23,0.9834070215934209
76,24,0.9776109444504432
76,25,0.9614127132306597
76,26,0.957239330078154
76,27,0.9444923500506816
76,28,0.9284860444288636
76,29,0.9387537368755863
76,30,0.9369857657207846
76,31,0.9362349357378998
76,32,0.9471754016296839
77,0,0.9994984209001416
77,1,0.9978066738952532
77,2,0.9882188398636403
77,3,0.9761106942068647
77,4,0.9777401212488185
77,5,0.9498015140101442
77,6,0.9591531144579606
77,7,0.9469411333073421
77,8,0.944496849170664
77,9,0.945536254927786
77,10,0.940529435840226
77,11,0.9478024521195186
77,12,0.9418790868272353
77,13,0.9398095228408099
77,14,0.9388210981098685
77,15,0.9418392764996348
77,16,0.9293135831334461
77,17,0.9286082146211737
77,18,1.0049307059790198
77,19,1.000997076224294
77,20,0.9902498727119396
77,21,0.9890832376849887
77,22,0.9860770818300683
77,23,0.9814415667885764
77,24,0.9831443468291742
77,25,0.9643443832943134
77,26,0.954608588905768
77,27,0.9524081511930966
77,28,0.9345474535245222
77,29,0.9441450603189366
77,30,0.9343672867386124
77,31,0.9257472691011278
77,32,0.932005941979278
78,0,0.999490112837569
78,1,0.9949414698860267
78,2,0.9898626365792011
78,3,0.985146628053575
78,4,0.9752707579579217
78,5,0.9661487786601008
78,6,0.9667176964367701
78,7,0.9490563446532477
78,8,0.9450929992132643
78,9,0.9319685004900279
78,10,0.9434642952192415
78,11,0.9416398075101333
78,12,0.9350924248898644
78,13,0.9308614115311121
78,14,0.9297739772676972
78,15,0.9426820343118019
78,16,0.9360852998880838
78,17,0.9389162004547812
78,18,0.9999981626341181
78,19,0.9927900536467327
78,20,0.9898317414194633
78,21,1.0049069118170268
78,22,0.9834503350578385
78,23,0.977266698903171
78,24,0.9760458457317074
78,25,0.9567810784075743
78,26,0.9567650467587935
78,27,0.9400810332645699
78,28,0.9351188927936044
78,29,0.9456392937370895
78,30,0.9327477167849266
78,31,0.9389315960019431
78,32,0.9339816897181188
79,0,0.9956839816891965
79,1,0.9995009445376429
79,2,0.9919561958792118
79,3,0.9827180674447124
79,4,0.9788312234028779
79,5,0.9595433583514006
79,6,0.9552281812966158
79,7,0.9557239376553529
79,8,0.9521725979724671
79,9,0.9529750725025848
79,10,0.9383630050029631
79,11,0.9385013068401211
79,12,0.940896865555826
79,13,0.9279269648216226
79,14,0.9361335030631784
79,15,0.9342574336073666
79,16,0.9219926522058026
79,17,0.9255765636920305
79,18,0.9962345135628786
79,19,0.99751354177124
79,20,0.9934939205861061
79,21,0.9958648473991164
79,22,0.982681357188255
79,23,0.97088625641918
79,24,0.9822153295921463
79,25,0.9536216978443187
79,26,0.9641064377760541
79,27,0.9391708831894611
79,28,0.9400817123082249
79,29,0.9425446341627456
79,30,0.934582374442011
79,31,0.9426428473704866
79,32,0.9352852061808133
80,0,1.0072013213775401
80,1,0.9992715900120747
80,2,0.9922217654943606
80,3,0.9816069838270388
80,4,0.9761735169867355
80,5,0.9563325177101344
80,6,0.9578851277379509
80,7,0.9659926954257775
80,8,0.9439203961622777
80,9,0.9409391916277017
80,10,0.9368651224791938
80,11,0.9391909344987721
80,12,0.9438057928391361
80,13,0.933893301084111
80,14,0.9386973797373347
80,15,0.9356891686327994
80,16,0.933105192571203
80,17,0.9260780098276477
80,18,0.9986326246508397
80,19,0.9997066024939015
80,20,0.991093156915967
80,21,0.9928409936467943
80,22,0.9826505843965331
80,23,0.9808841569060722
80,24,0.9704681567472438
80,25,0.960597903226657
80,26,0.9500001994575267
80,27,0.946410368620099
80,28,0.940673726603848
80,29,0.9359311954347007
80,30,0.9315342675576139
80,31,0.9316979124408336
80,32,0.9400866836958959
81,0,1.0076016207945053
81,1,1.0008724634302602
81,2,0.9822416503232082
81,3,0.9823930190004344
81,4,0.9672502449354103
81,5,0.9705898703599507
81,6,0.9586223807268508
81,7,0.9514852204753382
81,8,0.9480898402256058
81,9,0.9429304206906477
81,10,0.943800555062592
81,11,0.9354447274001653
81,12,0.9384540239787438
81,13,0.9186545381808914
81,14,0.9297747797239163
81,15,0.9367264048207243
81,16,0.9333221192066811
81,17,0.9357667640930029
81,18,0.9963629415519197
81,19,0.9881037596450434
81,20,1.002799578365097
81,21,0.9853292943379983
81,22,0.9786082494169969
81,23,0.9701712248262755
81,24,0.9694152333865462
81,25,0.9486583412268464
81,26,0.9575584796289939
81,27,0.9476121755298377
81,28,0.9336117858385237
81,29,0.9424147241506633
81,30,0.9449492764435731
81,31,0.9329135350692683
81,32,0.9354514300925629
82,0,0.9997004008800512
82,1,0.9958633840505767
82,2,0.9874715103171212
82,3,0.9773070314603216
82,4,0.9767583292536149
82,5,0.9610093910534273
82,6,0.9577429659876363
82,7,0.9588445269527075
82,8,0.9465667752390081
82,9,0.938636980178564
82,10,0.9381968820469897
82,11,0.9369047198387227
82,12,0.927011900766695
82,13,0.9258105071313006
82,14,0.9353736717252363
82,15,0.9310053822030605
82,16,0.9308250099317373
82,17,0.9277105916218017
82,18,1.0060387822031671
82,19,0.9866137158253957
82,20,0.9893640480265766
82,21,0.9949556403366698
82,22,0.9746912240905696
82,23,0.9710112219414733
82,24,0.9790696987700798
82,25,0.9546000365974306
82,26,0.9576310110649043
82,27,0.9434628496600743
82,28,0.9453894424826226
82,29,0.9447612800431151
82,30,0.9382356928278172
82,31,0.9321269921614201
82,32,0.9358411011340525
83,0,1.0035237238819679
83,1,0.9955663236535159
83,2,0.9809115721695518
83,3,0.9810310583386599
83,4,0.9586855832643801
83,5,0.9572343441305706
83,6,0.9573749116067978
83,7,0.9546606456988148
83,8,0.9437404910457983
83,9,0.947794822267696
83,10,0.9408332419531237
83,11,0.941391167016282
83,12,0.9350011990244689
83,13,0.9320365332694093
83,14,0.9270743806457679
83,15,0.9196402704328039
83,16,0.9305487105321367
83,17,0.926170110188093
83,18,1.0045802315273396
83,19,0.9921449924901757
83,20,0.9971099996151566
83,21,0.99489751622767
83,22,0.9809201221419711
83,23,0.9793560415784945
83,24,0.9759180160841203
83,25,0.9532415670861237
83,26,0.9464322300750974
83,27,0.9399620791905476
83,28,0.9446586842812762
83,29,0.9260105402058784
83,30,0.9260265721342166
83,31,0.9340512906854531
83,32,0.9274708982817321
84,0,0.9979269762578384
84,1,0.9914898324753517
84,2,0.9944204142191714
84,3,0.9861264790400859
84,4,0.9751524619795608
84,5,0.9572101377100771
84,6,0.9471733554086637
84,7,0.9606924840835676
84,8,0.9451577933289815
84,9,0.9431427424347288
84,10,0.9418079428167694
84,11,0.9332342278461097
84,12,0.937885154499987
84,13,0.9364173472327093
84,14,0.9336804755943385
84,15,0.9318485604417894
84,16,0.930338765197943
84,17,0.9225311534505914
84,18,0.999298698176187
84,19,0.9934833985727481
84,20,0.9860680581274957
84,21,0.9939499232853324
84,22,0.9834534254602381
84,23,0.9777504453828592
84,24,0.9733973560338107
84,25,0.9544016708327804
84,26,0.9610956960874526
84,27,0.9490907008594048
84,28,0.9348022773913297
84,29,0.9346834680143298
84,30,0.9244383761555013
84,31,0.927548623435153
84,32,0.9391029286049455
85,0,0.997293782761451
85,1,0.9860644068605846
85,2,0.9837734227463514
85,3,0.9826979127160256
85,4,0.9774281736597311
85,5,0.9538388706308595
85,6,0.9601797081700246
85,7,0.9538029022566828
85,8,0.9419726074814126
85,9,0.9261361838415584
85,10,0.9388842665834859
85,11,0.9398371489421345
85,12,0.9335285539170627
85,13,0.9264818328644666
85,14,0.9275116891595262
85,15,0.9253655635405371
85,16,0.9212804647722429
85,17,0.9220388692008585
85,18,0.9965913318971593
85,19,0.9947825374315501
85,20,0.9884437198178442
85,21,0.9942560888413408
85,22,0.986070209637568
85,23,0.9796366531886392
85,24,0.9669836166537238
85,25,0.9536801187557856
85,26,0.9598422692251039
85,27,0.9455344129229447
85,28,0.9328533542816206
85,29,0.9252149310545823
85,30,0.9231494128916897
85,31,0.9229132932757778
85,32,0.9320163556720145
86,0,1.000156344730436
86,1,1.0021607326204691
86,2,0.983752780529492
86,3,0.9772055663521264
86,4,0.972056391860124
86,5,0.95215489616723
86,6,0.9582033837571816
86,7,0.9541849701789461
86,8,0.9446545003126243
86,9,0.9411056771877089
86,10,0.9363152707080357
86,11,0.9425856500795509
86,12,0.9361782865596124
86,13,0.9166648772572449
86,14,0.9284293971557362
86,15,0.9189144345478152
86,16,0.9314960677080576
86,17,0.9210110695009913
86,18,0.9927010464988371
86,19,0.9990286942805396
86,20,0.9912536300086279
86,21,0.9886811914853683
86,22,0.9838787747970136
86,23,0.9757169705116828
86,24,0.9732870302093267
86,25,0.9577890995667194
86,26,0.9532190638401001
86,27,0.9310578406944643
86,28,0.937538975188136
86,29,0.9465223320512253
86,30,0.927025267953575
86,31,0.9246365286819894
86,32,0.9244472584657435
87,0,1.00801485926149
87,1,0.9847549303791202
87,2,0.9794352581012806
87,3,0.9850602606348619
87,4,0.9667084362743635
87,5,0.9584588875986192
87,6,0.9553684680074903
87,7,0.9496168601958022
87,8,0.9380259471603
87,9,0.9378487598679588
87,10,0.9354314899885924
87,11,0.9307478541041382
87,12,0.9277710317863372
87,13,0.9293267763833718
87,14,0.9309147680761534
87,15,0.931711273699646
87,16,0.9171391926238353
87,17,0.9280970423869924
87,18,1.00268999476455
87,19,1.0080519626918643
87,20,0.9989629540750445
87,21,0.9962249183947565
87,22,0.9854940607856965
87,23,0.9733161253634284
87,24,0.9787274119802606
87,25,0.9595657260097104
87,26,0.9457621436217308
87,27,0.9382277628698587
87,28,0.9266328448578508
87,29,0.9314241892892371
87,30,0.924137472516053
87,31,0.9312567471852131
87,32,0.9150276501772356
88,0,1.002718413876375
88,1,0.9945728258111657
88,2,0.9812175714374084
88,3,0.980931225206743
88,4,0.9703736164342117
88,5,0.9511642727208549
88,6,0.9484007479138468
88,7,0.9465609312806635
88,8,0.9418260127750965
88,9,0.9366085303808938
88,10,0.9377112481254548
88,11,0.9345836858381824
88,12,0.940399647687668
88,13,0.9379986724493354
88,14,0.922280647472636
88,15,0.9277702968832962
88,16,0.9139856324608201
88,17,0.917438220729705
88,18,0.9884515154273122
88,19,0.9919765086587025
88,20,0.9898053731502158
88,21,0.9846213252063143
88,22,0.97803831437253
88,23,0.9760546219829772
88,24,0.9748373269579207
88,25,0.9472195554431597
88,26,0.9529826215057692
88,27,0.9409665199340831
88,28,0.9281835893893062
88,29,0.9318049862892481
88,30,0.9330043524456135
88,31,0.9280478564538447
88,32,0.9318291197818728
89,0,1.0011855405352026
89,1,0.9976635015209386
89,2,0.985672609429534
89,3,0.9739625133707053
89,4,0.9795876474658489
89,5,0.9534666752863666
89,6,0.9482555964462188
89,7,0.9464815248645814
89,8,0.9333432404449075
89,9,0.9349998241703749
89,10,0.9310394585010695
89,11,0.9361475801619364
89,12,0.9292908013420333
89,13,0.9304583255369983
89,14,0.9255049533021483
89,15,0.922110702888265
89,16,0.9280230939351554
89,17,0.9198642358611685
89,18,0.9959069148803157
89,19,0.9996329308840926
89,20,0.9970642220038469
89,21,0.9919905734412973
89,22,0.9765730464939051
89,23,0.9775572392472329
89,24,0.9749677537013708
89,25,0.9569565189965524
89,26,0.9443989181614352
89,27,0.9420093838275588
89,28,0.9232403308721557
89,29,0.9253431527415489
89,30,0.9212612522052667
89,31,0.9278971405208278
89,32,0.9291194603626961
90,0,0.9993279210148694
90,1,0.9947139528509424
90,2,0.9855517508729228
90,3,0.960599732794985
90,4,0.9626539977390278
90,5,0.9601899087480134
90,6,0.9511491657239707
90,7,0.934162445831663
90,8,0.9359708840440945
90,9,0.9378246502070532
90,10,0.9414348006001719
90,11,0.930593895169293
90,12,0.9386031157541282
90,13,0.9284862477868799
90,14,0.9274731822469996
90,15,0.9176770495798925
90,16,0.9218545992775594
90,17,0.9218903417880929
90,18,0.9955803583873233
90,19,1.0024109809987578
90,20,1.0035009379960218
90,21,0.9874197986562274
90,22,0.9804483928315735
90,23,0.9743923900569216
90,24,0.9748754394471897
90,25,0.9519153726042646
90,26,0.9578261107283905
90,27,0.9426754258209146
90,28,0.9324443577337312
90,29,0.9284406760099563
90,30,0.9244905763950577
90,31,0.922262619460615
90,32,0.9219019544065534
91,0,0.9996332444953883
91,1,0.9982519577793276
91,2,0.9759680175866313
91,3,0.9730132608580635
91,4,0.9646490106583885
91,5,0.9527753619533332
91,6,0.9515000783247457
91,7,0.9466495417252608
91,8,0.9281470561664624
91,9,0.9331914485429554
91,10,0.9334361899568878
91,11,0.9271415818039621
91,12,0.9262235548107395
91,13,0.9193929398865045
91,14,0.9209465432574225
91,15,0.9208249051471069
91,16,0.9295120103953045
91,17,0.9113499947677107
91,18,0.9948486846071314
91,19,0.9954905214905162
91,20,0.9906142320546582
91,21,0.9885202318585554
91,22,0.9747372376521454
91,23,0.970500555193932
91,24,0.9725517374861856
91,25,0.9548738477047486
91,26,0.9447035039201619
91,27,0.9463379477769606
91,28,0.9395016287102457
91,29,0.9178818844406202
91,30,0.9179789403344842
91,31,0.9186357834893226
91,32,0.9243171477043354
92,0,1.0016603655730267
92,1,0.9951299956221108
92,2,0.9887028196046811
92,3,0.9775405550711862
92,4,0.968370176420931
92,5,0.9572240641833488
92,6,0.949083142649295
92,7,0.9404807362235761
92,8,0.9388492252958262
92,9,0.9337858460945465
92,10,0.934287556146369
92,11,0.9341438559319736
92,12,0.9274804356483505
92,13,0.9293628861738723
92,14,0.9297806139998505
92,15,0.9199456717048854
92,16,0.9073200614562918
92,17,0.9067606455628456
92,18,0.9922812124080574
92,19,0.986849726357816
92,20,0.9967966308478292
92,21,0.9933067022153488
92,22,0.9753124428345518
92,23,0.9699378177104552
92,24,0.9696740227577875
92,25,0.9465511119195649
92,26,0.9467355363977408
92,27,0.9327288816732738
92,28,0.9252146880507459
92,29,0.9340112482724318
92,30,0.919779454139876
92,31,0.9050355406425817
92,32,0.9235260909232912
93,0,0.9967607884761593
93,1,0.9952248547340649
93,2,0.9763548573715916
93,3,0.9888691280435992
93,4,0.9718210343234671
93,5,0.9528176362637701
93,6,0.9464501123521676
93,7,0.9491295140416439
93,8,0.9412799577488818
93,9,0.9337463674822046
93,10,0.9340889356334279
93,11,0.9324829863915852
93,12,0.9159184492350488
93,13,0.9254765471122571
93,14,0.9289100658383527
93,15,0.922755699562918
93,16,0.9204317776132684
93,17,0.9145849387254096
93,18,0.9938747361179908
93,19,1.002271589323432
93,20,0.9979554486621921
93,21,0.9935338509093383
93,22,0.9851123051867006
93,23,0.9756569461933217
93,24,0.96281999577385
93,25,0.9510069008827614
93,26,0.950335568512975
93,27,0.9342414908795147
93,28,0.9359478995817754
93,29,0.9263995176112356
93,30,0.9205536072665375
93,31,0.9151787862790695
93,32,0.9188215236266007
94,0,1.0022658408773435
94,1,1.0027185145421358
94,2,0.9851591349380946
94,3,0.9778200859331649
94,4,0.9788211718705985
94,5,0.9528998775484265
94,6,0.9475692655226102
94,7,0.9455173064177155
94,8,0.9362183655864565
94,9,0.9343811628365195
94,10,0.9253818827891673
94,11,0.9257312760125783
94,12,0.9218830131249548
94,13,0.9218550217104287
94,14,0.9241341012012478
94,15,0.9233925272313241
94,16,0.9174066927258315
94,17,0.9140591687988788
94,18,0.9995953234564444
94,19,0.9894692924983983
94,20,0.9907831832549154
94,21,0.9937300781103521
94,22,0.9800682364520762
94,23,0.979198709800943
94,24,0.9729041914646877
94,25,0.9445911504030832
94,26,0.945153008049
94,27,0.9382530632613792
94,28,0.9240182237797232
94,29,0.9260588742615967
94,30,0.9243230551443407
94,31,0.9152480097282168
94,32,0.9155781950091391
95,0,0.9924342329824772
95,1,0.9983893841030695
95,2,0.9833356834957828
95,3,0.9634506053608224
95,4,0.9751909214281008
95,5,0.9434976409580471
95,6,0.9441101850472231
95,7,0.9358046525230295
95,8,0.9334790757114748
95,9,0.9237723153851372
95,10,0.9279071455831983
95,11,0.9273317819685258
95,12,0.924212642196456
95,13,0.9024710731437628
95,14,0.9231889479414901
95,15,0.9146608773008205
95,16,0.9138173619917341
95,17,0.9193334326565867
95,18,0.9959125609471725
95,19,0.993921851527857
95,20,0.9869850953120416
95,21,1.0062360980586953
95,22,0.9786319348140001
95,23,0.9820500465294116
95,24,0.9800372116956944
95,25,0.9488333309572473
95,26,0.9460524176345686
95,27,0.9351748455722882
95,28,0.9213151328429006
95,29,0.9231372798373743
95,30,0.9195074752929603
95,31,0.920678579601648
95,32,0.9135599096102872
