time_step,bus_id,vm_pu,is_attacked
0,0,0.9479999820220922,0
0,1,0.962214762248628,0
0,2,0.972776695879663,0
0,3,1.0040949656366172,0
0,4,1.003668638048999,0
0,5,0.9894061066672516,0
0,6,0.9992278324475835,0
0,7,1.014657071541603,0
0,8,1.0446601360755685,0
0,9,1.0477050170245135,0
0,10,0.9827428904040588,0
0,11,0.9785955560974229,0
0,12,0.9726510260615758,0
0,13,0.9821467400087452,0
0,14,0.9703273629408913,0
0,15,0.9822021604149352,0
0,16,0.9997922217993909,0
0,17,0.9836163920834685,0
0,18,0.9598507553050609,0
0,19,0.9629459640402591,0
0,20,0.9503617266543605,0
0,21,0.9671162167750916,0
0,22,0.9966344364740604,0
0,23,0.9819689390093415,0
0,24,1.0575867461095907,0
0,25,1.0098715020098026,0
0,26,0.9664354896819227,0
0,27,0.9672488753439132,0
0,28,0.9635284540785306,0
0,29,0.987888646709997,0
0,30,0.9756743339181,0
0,31,0.9671051606452973,0
0,32,0.9743222371822774,0
0,33,0.9914702112079881,0
0,34,0.9796568948097666,0
0,35,0.9764543376644974,0
0,36,0.9811417904415974,0
0,37,0.9560194487944995,0
0,38,0.9746199733060447,0
0,39,0.9623736577574749,0
0,40,0.9646667339513277,0
0,41,0.9919857291454897,0
0,42,0.9776306557979815,0
0,43,0.9801222778591333,0
0,44,0.984010076678595,0
0,45,1.0118287127002217,0
0,46,1.0140579892215325,0
0,47,1.019489671477383,0
0,48,1.0234160066404119,0
0,49,1.00148111605238,0
0,50,0.9677257538432388,0
0,51,0.9559945064228691,0
0,52,0.9400637623096295,0
0,53,0.9410478891316879,0
0,54,0.9530116438366277,0
0,55,0.9543543250134167,0
0,56,0.9741396650745232,0
0,57,0.9503887680305274,0
0,58,0.9827036762137709,0
0,59,0.9941683263163683,0
0,60,0.9858860125820773,0
0,61,0.9951606611271449,0
0,62,0.9685188174371138,0
0,63,0.9781058571859739,0
0,64,1.0108578200950125,0
0,65,1.0538463366871806,0
0,66,1.0254538299638274,0
0,67,1.0045068451262635,0
0,68,1.034332314358818,0
0,69,0.9859102160641666,0
0,70,0.9863299182158713,0
0,71,0.9841169206753074,0
0,72,0.9869557030168715,0
0,73,0.9557454823828279,0
0,74,0.9668928620345539,0
0,75,0.9402446210174448,0
0,76,1.00109306357965,0
0,77,1.0027997570765816,0
0,78,1.0192331533607784,0
0,79,1.033274427718066,0
0,80,0.9784720143976813,0
0,81,0.9854788382304035,0
0,82,0.9806101390081272,0
0,83,0.9786978300465665,0
0,84,0.9826690328033324,0
0,85,0.9809937469978848,0
0,86,1.012770687610362,0
0,87,0.9849743257466329,0
0,88,1.0018039671389354,0
0,89,0.982383420163159,0
0,90,0.9649369981428242,0
0,91,0.9907782747380995,0
0,92,0.9903959443453602,0
0,93,0.987522993229823,0
0,94,0.9810741873199846,0
0,95,0.9863606881852648,0
0,96,1.0145264164824523,0
0,97,1.0312368745699725,0
0,98,1.0013319686578366,0
0,99,1.017638097401726,0
0,100,0.9832456688451096,0
0,101,0.9929715448431468,0
0,102,1.0100119088592445,0
0,103,0.9692328885844702,0
0,104,0.9569332622223201,0
0,105,0.9631453321804778,0
0,106,0.9638734920977944,0
0,107,0.9721127757712769,0
0,108,0.9628261417982054,0
0,109,0.9683594248847235,0
0,110,0.9789564733413879,0
0,111,0.9793767188116148,0
0,112,0.9866963630716217,0
0,113,0.9560409991391614,0
0,114,0.9591420985011018,0
0,115,1.0066923672488703,0
0,116,0.9692761892815617,0
0,117,0.9512291066091716,0
1,0,0.9589430642897202,0
1,1,0.9626808060677083,0
1,2,0.9736606668499566,0
1,3,0.9978768410354358,0
1,4,1.0009636838086837,0
1,5,0.9939427163883696,0
1,6,0.9904032968907143,0
1,7,1.0154295443499877,0
1,8,1.0385023689803694,0
1,9,1.0543014085804585,0
1,10,0.9927453034890361,0
1,11,0.9897807978262053,0
1,12,0.9751382581276726,0
1,13,0.9855322845392134,0
1,14,0.9741957026119608,0
1,15,0.9779351619896656,0
1,16,1.0007877089088666,0
1,17,0.9777125677620867,0
1,18,0.9510586041875726,0
1,19,0.9542034478110597,0
1,20,0.962462224999445,0
1,21,0.9686511935375899,0
1,22,1.008186461265168,0
1,23,0.9947157437176191,0
1,24,1.051916216629811,0
1,25,1.0055879727170347,0
1,26,0.9725425338373795,0
1,27,0.9593942551753382,0
1,28,0.960543284281922,0
1,29,0.9875016621209612,0
1,30,0.9628644786134427,0
1,31,0.9582414014516621,0
1,32,0.9751547056582044,0
1,33,0.9835810258375538,0
1,34,0.9798069666871754,0
1,35,0.9775486302652712,0
1,36,0.9944502174026424,0
1,37,0.9608929308739722,0
1,38,0.967117563556784,0
1,39,0.9731288715975932,0
1,40,0.9718605667279587,0
1,41,0.9839503869399442,0
1,42,0.9804762020293197,0
1,43,0.9786586310817665,0
1,44,0.9868183730795158,0
1,45,1.0044516174822664,0
1,46,1.0203041460813154,0
1,47,1.0217860230243887,0
1,48,1.0186002181612768,0
1,49,0.9979086509901921,0
1,50,0.9697009406069481,0
1,51,0.9587140662335566,0
1,52,0.9409672706795715,0
1,53,0.9618542533744001,0
1,54,0.950906059749339,0
1,55,0.9563431516180201,0
1,56,0.9718627143171948,0
1,57,0.9657603480033373,0
1,58,0.9886268431429492,0
1,59,0.9955927609716797,0
1,60,0.9961017279316783,0
1,61,1.0004834089282084,0
1,62,0.9698518596715193,0
1,63,0.9881608828593377,0
1,64,1.0034157496206457,0
1,65,1.0444067174036997,0
1,66,1.0211598512103581,0
1,67,0.9967669123801235,0
1,68,1.0242099976224073,0
1,69,0.9828280212904864,0
1,70,0.9809729813976927,0
1,71,0.9845312402545096,0
1,72,0.9882147273952024,0
1,73,0.9609060364385797,0
1,74,0.9709457250427099,0
1,75,0.9453105783216874,0
1,76,1.0070169984283428,0
1,77,0.9968273290081154,0
1,78,1.0030522738999281,0
1,79,1.0410165247966348,0
1,80,0.9890276616739869,0
1,81,0.9825910403376162,0
1,82,0.9875432218884159,0
1,83,0.9843727879977398,0
1,84,0.9835378973570754,0
1,85,0.9721114203994461,0
1,86,1.017160076787426,0
1,87,0.979020108097426,0
1,88,1.0026493412199848,0
1,89,0.9832165386965668,0
1,90,0.9795490260646539,0
1,91,0.9936071445485843,0
1,92,0.9808394817674436,0
1,93,0.9880334969931803,0
1,94,0.9768135116459079,0
1,95,0.9908567024564502,0
1,96,1.0108547712771958,0
1,97,1.0268155102746317,0
1,98,1.018946618977847,0
1,99,1.0218423219883859,0
1,100,0.9951822676044325,0
1,101,0.992117921357436,0
1,102,1.0149657157659033,0
1,103,0.9766127098964085,0
1,104,0.9582558124623758,0
1,105,0.9658407005979008,0
1,106,0.9475030424701696,0
1,107,0.9672720281341753,0
1,108,0.9685740697638563,0
1,109,0.9762839308511321,0
1,110,0.9794445720968393,0
1,111,0.9769217397334555,0
1,112,0.9878505100884853,0
1,113,0.9644578783649213,0
1,114,0.9622147912399726,0
1,115,1.0008748127485638,0
1,116,0.969259469993335,0
1,117,0.9430704233005816,0
2,0,0.9579737637623525,0
2,1,0.978165620617544,0
2,2,0.9631530021552854,0
2,3,1.0002505275928002,0
2,4,0.9872276970394348,0
2,5,0.9891894114477386,0
2,6,0.9878726378900934,0
2,7,1.021052120323402,0
2,8,1.0433267700111502,0
2,9,1.0504637904187457,0
2,10,0.9897098034125894,0
2,11,0.9976013861957651,0
2,12,0.9662486265685182,0
2,13,0.9772223456202608,0
2,14,0.9651950688488726,0
2,15,0.9887870998358741,0
2,16,0.9977659762026605,0
2,17,0.9830029232247536,0
2,18,0.9552026037529714,0
2,19,0.9624242573816635,0
2,20,0.9587266602982154,0
2,21,0.9631430026805643,0
2,22,0.9982987667002763,0
2,23,0.9959418959974765,0
2,24,1.0581189127851043,0
2,25,1.0168618012587909,0
2,26,0.973587233118973,0
2,27,0.9621764517686221,0
2,28,0.956589873320009,0
2,29,0.985812042377336,0
2,30,0.9688399908691896,0
2,31,0.957084662738766,0
2,32,0.9730218361405624,0
2,33,0.978063825484523,0
2,34,0.9772614749943545,0
2,35,0.9745527845682009,0
2,36,0.9927658483167395,0
2,37,0.9570826410777724,0
2,38,0.9686943804033028,0
2,39,0.966452851741448,0
2,40,0.9626121082650071,0
2,41,0.9802699755405457,0
2,42,0.9758760564211266,0
2,43,0.976730029547103,0
2,44,0.9793413876871272,0
2,45,0.9996714455411172,0
2,46,1.0165213322309352,0
2,47,1.0238916892599597,0
2,48,1.0277933692576822,0
2,49,1.0053245087370177,0
2,50,0.9713309519432344,0
2,51,0.9568500855958038,0
2,52,0.9465041970421685,0
2,53,0.9520080163704827,0
2,54,0.9496305009639271,0
2,55,0.9544847780469474,0
2,56,0.9771738487731779,0
2,57,0.9615251380836852,0
2,58,0.9934296066342849,0
2,59,0.9886829573755709,0
2,60,0.9928215504396373,0
2,61,0.995484114749854,0
2,62,0.9686566776131483,0
2,63,0.9790339016799888,0
2,64,1.0046923829335,0
2,65,1.0485902182230586,0
2,66,1.0140376517649607,0
2,67,1.0025076722263828,0
2,68,1.0242882108294264,0
2,69,0.982760875736427,0
2,70,0.9914955009635427,0
2,71,0.9849566398452226,0
2,72,0.9891808162540464,0
2,73,0.9678289172833201,0
2,74,0.972313016792572,0
2,75,0.9404328334394255,0
2,76,1.0057315528009423,0
2,77,0.9992608004787567,0
2,78,1.0125646212330943,0
2,79,1.0363073373933234,0
2,80,0.9827400899211419,0
2,81,0.9911374012933188,0
2,82,0.9823403824743633,0
2,83,0.9867384592463492,0
2,84,0.9904182315504929,0
2,85,0.9830204949929495,0
2,86,1.01167446654514,0
2,87,0.9946814109938499,0
2,88,1.0051249664892132,0
2,89,0.9853323262374185,0
2,90,0.9757749113141733,0
2,91,0.9920147215501226,0
2,92,0.9868689647876163,0
2,93,0.9851735877338372,0
2,94,0.9794041919427272,0
2,95,0.9983128843881153,0
2,96,1.0140894516737908,0
2,97,1.0242457225616919,0
2,98,1.0082960677916568,0
2,99,1.0201205268115878,0
2,100,0.988751718513967,0
2,101,0.9858197150604682,0
2,102,1.018752907033074,0
2,103,0.9687927165481471,0
2,104,0.9649644694512772,0
2,105,0.9620817239326788,0
2,106,0.9511213206050103,0
2,107,0.9668873618984439,0
2,108,0.9681696781721475,0
2,109,0.9677862148701902,0
2,110,0.9728853136663858,0
2,111,0.9758340156890853,0
2,112,0.9828050646921849,0
2,113,0.9617210008608902,0
2,114,0.9556149387777862,0
2,115,0.9966597037360088,0
2,116,0.9679486256689248,0
2,117,0.9465974148897346,0
3,0,0.95351018057942,0
3,1,0.9679924865560497,0
3,2,0.9722529383255605,0
3,3,0.9933747016417048,0
3,4,0.9961741149643708,0
3,5,0.9951107403180685,0
3,6,0.9899389963525711,0
3,7,1.0168776950762524,0
3,8,1.0419452738658395,0
3,9,1.0433352481280518,0
3,10,0.9887828844445403,0
3,11,0.9909215620872343,0
3,12,0.9691950598083269,0
3,13,0.9821529556221639,0
3,14,0.9629557684429996,0
3,15,0.9846501340087256,0
3,16,1.0002608977002372,0
3,17,0.9713980102011301,0
3,18,0.9657022747113099,0
3,19,0.9513802809556395,0
3,20,0.9574012848358622,0
3,21,0.9664089615178038,0
3,22,0.9961310559803722,0
3,23,0.995933675625135,0
3,24,1.0448527311045093,0
3,25,1.0135182320694263,0
3,26,0.9650801191272206,0
3,27,0.975432676319423,0
3,28,0.9626920068753033,0
3,29,0.9863124852755323,0
3,30,0.9666968005733422,0
3,31,0.9610767348824878,0
3,32,0.973158154394533,0
3,33,0.9824398541399221,0
3,34,0.9811057453255241,0
3,35,0.9799904101304013,0
3,36,0.9857669111333779,0
3,37,0.9597863378599465,0
3,38,0.9686129169052137,0
3,39,0.9637707984435445,0
3,40,0.9718715930857023,0
3,41,0.9831885407956469,0
3,42,0.9738475168741748,0
3,43,0.9833746393299322,0
3,44,0.9864168948959408,0
3,45,1.0011549078881545,0
3,46,1.021935753827308,0
3,47,1.0170915073010878,0
3,48,1.0242545612854828,0
3,49,0.9989931096311901,0
3,50,0.9701159758402605,0
3,51,0.9516720058975224,0
3,52,0.9364644651367745,0
3,53,0.9587928657514674,0
3,54,0.9439136786862822,0
3,55,0.9561822518744977,0
3,56,0.9759001225490729,0
3,57,0.9616300528033669,0
3,58,0.980568800008502,0
3,59,0.9900771442421457,0
3,60,0.9927024823926817,0
3,61,0.9978238877711316,0
3,62,0.9734529483323393,0
3,63,0.9805479741392383,0
3,64,1.0045486933629653,0
3,65,1.0507031055018112,0
3,66,1.0093283588968522,0
3,67,0.996100604769949,0
3,68,1.0429918734435366,0
3,69,0.9765939842768777,0
3,70,0.988114989192048,0
3,71,0.9782839134576878,0
3,72,0.98622456916648,0
3,73,0.9504847024033218,0
3,74,0.9694370063484218,0
3,75,0.9375709379306417,0
3,76,1.005796181687341,0
3,77,1.0068874819759701,0
3,78,1.0109382489198129,0
3,79,1.033166144522963,0
3,80,0.9786014844877444,0
3,81,0.9885665981158228,0
3,82,0.980005503635633,0
3,83,0.970344899808077,0
3,84,0.9827412156558868,0
3,85,0.9843165044891156,0
3,86,1.018776562999629,0
3,87,0.9831341043887607,0
3,88,1.006057989695184,0
3,89,0.9881217564744437,0
3,90,0.9801723108523072,0
3,91,0.9859672950059478,0
3,92,0.9775382075865904,0
3,93,0.9964813696784354,0
3,94,0.9702812515381449,0
3,95,1.003268743436295,0
3,96,1.0148244364229468,0
3,97,1.0262346612008877,0
3,98,1.0070831127659765,0
3,99,1.0208048516234698,0
3,100,1.0056031032131414,0
3,101,0.9904516669457034,0
3,102,1.0124334718571029,0
3,103,0.9688978798442767,0
3,104,0.9672408190434023,0
3,105,0.9564308701653859,0
3,106,0.951872184912966,0
3,107,0.9751033541241799,0
3,108,0.9614732644628102,0
3,109,0.9787205974270337,0
3,110,0.9783290545449677,0
3,111,0.9854177733661059,0
3,112,0.9843550780055971,0
3,113,0.9534389684919179,0
3,114,0.9490115310836538,0
3,115,1.011568296311338,0
3,116,0.9695293822315604,0
3,117,0.9493507498389064,0
4,0,0.946094450548451,0
4,1,0.9784302424979667,0
4,2,0.9727494054853859,0
4,3,1.000548363063651,0
4,4,1.0077403585525846,0
4,5,0.9885326556367653,0
4,6,0.9842511135843686,0
4,7,1.0134743946917422,0
4,8,1.0348578530278627,0
4,9,1.0506606934342089,0
4,10,0.9822283745133326,0
4,11,0.9845571095399847,0
4,12,0.9686314989220359,0
4,13,0.9891381871652426,0
4,14,0.9570265533153607,0
4,15,0.9841132341842924,0
4,16,0.9938090537864526,0
4,17,0.9715087199687629,0
4,18,0.9640334559106083,0
4,19,0.9475157970152017,0
4,20,0.9499507344048991,0
4,21,0.9660588384584695,0
4,22,0.9960226476412063,0
4,23,0.9888333451351448,0
4,24,1.0528621413999604,0
4,25,1.018899228815288,0
4,26,0.9674201554561156,0
4,27,0.9593830927120912,0
4,28,0.9600197720642125,0
4,29,0.9853429490889877,0
4,30,0.9657328288910112,0
4,31,0.9639208859267653,0
4,32,0.9722410893434309,0
4,33,0.9933727642929988,0
4,34,0.9830693742909644,0
4,35,0.9734679486197814,0
4,36,0.9946113766711192,0
4,37,0.9564215271187211,0
4,38,0.9708885131165003,0
4,39,0.9794009836757723,0
4,40,0.9642131713282166,0
4,41,0.9884634539107746,0
4,42,0.9738711584143286,0
4,43,0.9786426851108154,0
4,44,0.9816905088843352,0
4,45,1.0068058605926904,0
4,46,1.018817753480267,0
4,47,1.0303236511998566,0
4,48,1.0297621314400431,0
4,49,1.0007456344175008,0
4,50,0.9660358812073451,0
4,51,0.9566650352198055,0
4,52,0.9460870585452011,0
4,53,0.9484570270331931,0
4,54,0.9539911879325048,0
4,55,0.9488602188087483,0
4,56,0.9576331504193785,0
4,57,0.9637657162497646,0
4,58,0.9932246877033382,0
4,59,0.9928731777985671,0
4,60,0.9909499085272502,0
4,61,0.9945966296965995,0
4,62,0.9647478542050262,0
4,63,0.986303746265289,0
4,64,1.014173045572643,0
4,65,1.049318674531666,0
4,66,1.021720122537775,0
4,67,1.0014296682996724,0
4,68,1.0362017098243617,0
4,69,0.9838026544316693,0
4,70,0.9883210631059266,0
4,71,0.9912862784333358,0
4,72,0.9970332238498815,0
4,73,0.956322749250847,0
4,74,0.9665365395427207,0
4,75,0.9457729994820351,0
4,76,1.0043697502600781,0
4,77,0.9997886304622903,0
4,78,1.0027249488853378,0
4,79,1.0466360944197837,0
4,80,0.9748892718132692,0
4,81,0.9960600425737105,0
4,82,0.9923099606572128,0
4,83,0.9718425082431346,0
4,84,0.9831287118223969,0
4,85,0.9897084666693127,0
4,86,1.0279595573292843,0
4,87,0.992030917541136,0
4,88,1.006835942885511,0
4,89,0.9824088251043627,0
4,90,0.9825351194468807,0
4,91,0.9907640427178992,0
4,92,0.9901564395957366,0
4,93,0.9910332377550325,0
4,94,0.9842520516596704,0
4,95,0.9943456660301064,0
4,96,1.0095153149262046,0
4,97,1.022523680593077,0
4,98,1.0068872298943814,0
4,99,1.0205106642363129,0
4,100,0.9931115389699682,0
4,101,0.9944811025284138,0
4,102,1.0104837951146914,0
4,103,0.9669725746547719,0
4,104,0.9697345814765739,0
4,105,0.9613255773008196,0
4,106,0.9512013779830133,0
4,107,0.9762621553340671,0
4,108,0.9599734424678757,0
4,109,0.970260271070291,0
4,110,0.9732802496933758,0
4,111,0.971437783614928,0
4,112,0.9951960474208668,0
4,113,0.9647429428971304,0
4,114,0.9676546736635794,0
4,115,1.0087474840589317,0
4,116,0.9724517804967975,0
4,117,0.9572639510106187,0
5,0,0.9582552783410062,0
5,1,0.969859046729314,0
5,2,0.9658145907688157,0
5,3,1.0047292117091222,0
5,4,0.9987583312520794,0
5,5,0.9894637906374849,0
5,6,0.9904636227027346,0
5,7,1.0035289667076452,0
5,8,1.0464671633139442,0
5,9,1.048744167224676,0
5,10,0.9881836964045709,0
5,11,0.9872705319301011,0
5,12,0.9641656613030813,0
5,13,0.9818030537343714,0
5,14,0.9808234274209604,0
5,15,0.9793561911248113,0
5,16,0.9954640313943938,0
5,17,0.9716028086671666,0
5,18,0.9609386141911651,0
5,19,0.9484523355496361,0
5,20,0.9553750736047191,0
5,21,0.9614443812648092,0
5,22,0.994051802548773,0
5,23,0.9971187972775398,0
5,24,1.0481092745058453,0
5,25,1.0209779748323287,0
5,26,0.976537649179502,0
5,27,0.9539378880084982,0
5,28,0.9629850567758432,0
5,29,0.9830534498751763,0
5,30,0.968095372361505,0
5,31,0.9646049678370587,0
5,32,0.9767635414739267,0
5,33,0.9849456494586559,0
5,34,0.9814578803206688,0
5,35,0.9761898953237639,0
5,36,0.9923190017587277,0
5,37,0.9592035732600684,0
5,38,0.9815174693260946,0
5,39,0.9734919522612916,0
5,40,0.9692928318859446,0
5,41,0.9766482889789335,0
5,42,0.9793449918663664,0
5,43,0.974753133738355,0
5,44,0.9877019763686676,0
5,45,1.0033152584375937,0
5,46,1.0135499165769657,0
5,47,1.0253244934460504,0
5,48,1.0263851323618123,0
5,49,1.0027690288127935,0
5,50,0.96701157630023,0
5,51,0.9594138746123242,0
5,52,0.9418161939835562,0
5,53,0.9517859473459418,0
5,54,0.9482926268305829,0
5,55,0.9570794587777998,0
5,56,0.9729950231844452,0
5,57,0.9583054573192054,0
5,58,0.983347892731605,0
5,59,0.9934759506266733,0
5,60,0.9975750527520127,0
5,61,0.9970933038683526,0
5,62,0.9618741566241329,0
5,63,0.9804224972216034,0
5,64,1.0057903981981238,0
5,65,1.048768488618565,0
5,66,1.0213699650339676,0
5,67,0.9983892542047453,0
5,68,1.0336258149013442,0
5,69,0.9744535336449419,0
5,70,0.9796622403433357,0
5,71,0.9754227025232801,0
5,72,0.9922711940824138,0
5,73,0.9572826909469784,0
5,74,0.970329568797169,0
5,75,0.9386716491105764,0
5,76,1.0110903189828861,0
5,77,1.007537851742364,0
5,78,1.007923066260855,0
5,79,1.0390813463836734,0
5,80,0.991217212179249,0
5,81,0.9902189108265845,0
5,82,0.9892985579119978,0
5,83,0.9785342070538139,0
5,84,0.9864016839241478,0
5,85,0.9883736989498411,0
5,86,1.0213514107079864,0
5,87,0.9814886881667508,0
5,88,0.99699257649789,0
5,89,0.9848796071431465,0
5,90,0.9882571252113357,0
5,91,0.9870643713823956,0
5,92,0.9764453235226006,0
5,93,0.9879309586006658,0
5,94,0.9758422546427409,0
5,95,0.9946481130944866,0
5,96,1.013672496938649,0
5,97,1.0147086310250075,0
5,98,1.0104345963794696,0
5,99,1.0143820941568977,0
5,100,0.9879309683864335,0
5,101,0.9868634482425683,0
5,102,1.0087347891139051,0
5,103,0.9704174877265196,0
5,104,0.958521124358904,0
5,105,0.9546917172229353,0
5,106,0.9381192558677838,0
5,107,0.967508035208113,0
5,108,0.9623079533072705,0
5,109,0.9692817203155858,0
5,110,0.9789698525540942,0
5,111,0.9649304141089161,0
5,112,0.997192427004452,0
5,113,0.9568666059925144,0
5,114,0.960183085117026,0
5,115,1.010165046676735,0
5,116,0.9753624025067885,0
5,117,0.9392732208878047,0
6,0,0.9530760222834781,0
6,1,0.96317816070889,0
6,2,0.9672931577381059,0
6,3,1.0000288521059744,0
6,4,1.0092237888840874,0
6,5,0.9906098465929803,0
6,6,0.9816711018992839,0
6,7,1.0119136997930167,0
6,8,1.0418739637819685,0
6,9,1.0520248282298725,0
6,10,0.9873290532905552,0
6,11,0.9969367803135608,0
6,12,0.9654812953790559,0
6,13,0.9789321389041452,0
6,14,0.9708486686400895,0
6,15,0.9812133382433653,0
6,16,0.9914999659854669,0
6,17,0.9683864320088317,0
6,18,0.9614214679620203,0
6,19,0.964766790754985,0
6,20,0.9613292700379348,0
6,21,0.9653189954274584,0
6,22,1.0020417998128095,0
6,23,0.9865443205708855,0
6,24,1.0480239795979303,0
6,25,1.0166952197891814,0
6,26,0.9725725119850261,0
6,27,0.9614075462756463,0
6,28,0.9613173326477846,0
6,29,0.9859568480457361,0
6,30,0.9658251592265464,0
6,31,0.9618969340511646,0
6,32,0.9709652209170787,0
6,33,0.983270807704431,0
6,34,0.9821972068536178,0
6,35,0.9745823488698029,0
6,36,0.997223579850187,0
6,37,0.9498066401427917,0
6,38,0.9706350153468879,0
6,39,0.9718204114818156,0
6,40,0.9723828271218841,0
6,41,0.9821258140932284,0
6,42,0.9714185996245969,0
6,43,0.982819265776045,0
6,44,0.9829321506265498,0
6,45,1.0042812006989348,0
6,46,1.0172197936353753,0
6,47,1.026017664718825,0
6,48,1.0220081036446453,0
6,49,0.9927985423174901,0
6,50,0.9696772545344159,0
6,51,0.961661595305185,0
6,52,0.9415813703165817,0
6,53,0.9582313877256291,0
6,54,0.9468104610108865,0
6,55,0.9563978627910356,0
6,56,0.9681093838528789,0
6,57,0.954830970378114,0
6,58,0.9882319194861277,0
6,59,0.9877536610494706,0
6,60,0.9926820955028074,0
6,61,1.0023059946868413,0
6,62,0.9687542710072197,0
6,63,0.9767034476703914,0
6,64,1.0080604563130655,0
6,65,1.05797446428837,0
6,66,1.023634392431019,0
6,67,1.0062823368695744,0
6,68,1.0333632249696727,0
6,69,0.9802597232910644,0
6,70,0.993882059190993,0
6,71,0.979032442000246,0
6,72,0.9873656586366317,0
6,73,0.9594931099470266,0
6,74,0.9588999979596503,0
6,75,0.9363333383864257,0
6,76,1.0061793880095917,0
6,77,1.001513710859654,0
6,78,1.0097345460297962,0
6,79,1.042917644376695,0
6,80,0.9828739122084863,0
6,81,0.9816411777347464,0
6,82,0.9811823633911791,0
6,83,0.978633022885114,0
6,84,0.9837826653196784,0
6,85,0.9892485678849527,0
6,86,1.0153877567815122,0
6,87,0.9860650744766384,0
6,88,1.0057088956659725,0
6,89,0.9821469269728823,0
6,90,0.9786575344745859,0
6,91,0.9934434673025297,0
6,92,0.9807952647901025,0
6,93,0.9816715787150289,0
6,94,0.9862426861882565,0
6,95,0.9861429521491646,0
6,96,1.014639522096605,0
6,97,1.0164673565219717,0
6,98,1.0128747880195639,0
6,99,1.015863294512041,0
6,100,0.9821560937603608,0
6,101,0.9939441375849882,0
6,102,1.0155258338586997,0
6,103,0.9693735100035238,0
6,104,0.9616436757718037,0
6,105,0.9632286727445862,0
6,106,0.9477683057106449,0
6,107,0.9649454865351607,0
6,108,0.9818030156573425,0
6,109,0.9741928027945026,0
6,110,0.9799515401507389,0
6,111,0.9755377269807554,0
6,112,0.9984743150339214,0
6,113,0.9543763102568716,0
6,114,0.9584368055113355,0
6,115,1.0034812110431577,0
6,116,0.9738920684499832,0
6,117,0.9531814521133907,0
7,0,0.9546200482657435,0
7,1,0.973082389872197,0
7,2,0.9643482197716304,0
7,3,1.0055315828974545,0
7,4,1.0084212031442392,0
7,5,0.9966867925532829,0
7,6,0.9859536972450957,0
7,7,1.0177889375104845,0
7,8,1.0336350032548038,0
7,9,1.062401757563125,0
7,10,0.9782965964573364,0
7,11,0.9818156017011246,0
7,12,0.9684019138766505,0
7,13,0.9834274780498302,0
7,14,0.9668603772144002,0
7,15,0.9807024871777832,0
7,16,0.9922216892776574,0
7,17,0.9678831266319338,0
7,18,0.9641158430813296,0
7,19,0.9514971344303859,0
7,20,0.9574152684602765,0
7,21,0.9665723483022454,0
7,22,0.9950985249827224,0
7,23,0.9990357077853145,0
7,24,1.0474437408518988,0
7,25,1.0179069027682723,0
7,26,0.9625601606378139,0
7,27,0.961274004289245,0
7,28,0.963641659247959,0
7,29,0.9860727393873467,0
7,30,0.9587331894796102,0
7,31,0.958434237476159,0
7,32,0.9754931708894431,0
7,33,0.9722104345272206,0
7,34,0.9721694106737153,0
7,35,0.9750408832969683,0
7,36,0.9838999357231761,0
7,37,0.9618388327956796,0
7,38,0.9659673486248272,0
7,39,0.9650684750993448,0
7,40,0.960707893625797,0
7,41,0.9849165914665148,0
7,42,0.9678214334976084,0
7,43,0.9814775372493052,0
7,44,0.9782328574844533,0
7,45,1.0060230115508724,0
7,46,1.0132197550653934,0
7,47,1.0262344573127864,0
7,48,1.03181511753218,0
7,49,1.0040015015416255,0
7,50,0.964775273300124,0
7,51,0.950265824632577,0
7,52,0.9421586061675934,0
7,53,0.9435405924631675,0
7,54,0.9493726733737821,0
7,55,0.9401189435853009,0
7,56,0.9647732013015563,0
7,57,0.9577021262566497,0
7,58,0.9798973895604044,0
7,59,0.992469973315252,0
7,60,0.9833026698784685,0
7,61,1.0024415791614443,0
7,62,0.9621160185047879,0
7,63,0.9862423543991068,0
7,64,1.0058578964345564,0
7,65,1.0542044021592885,0
7,66,1.02321469735747,0
7,67,0.9989477610622436,0
7,68,1.0403243552681305,0
7,69,0.9827809924398468,0
7,70,0.9861032364738047,0
7,71,0.9860809677928809,0
7,72,0.9898991530026314,0
7,73,0.9582081057776533,0
7,74,0.967910492560067,0
7,75,0.9439297531114867,0
7,76,1.0123085910865612,0
7,77,1.0082859267027777,0
7,78,1.014047523550637,0
7,79,1.045171369003054,0
7,80,0.9883183385500555,0
7,81,0.9870849773700766,0
7,82,0.9818721612099358,0
7,83,0.9770462131153548,0
7,84,0.9806068775628445,0
7,85,0.9947283231735439,0
7,86,1.0044227953548819,0
7,87,0.9798169301348687,0
7,88,1.0008943994313573,0
7,89,0.9814472654983064,0
7,90,0.982586968658716,0
7,91,0.9838540889573542,0
7,92,0.9788804529438283,0
7,93,0.987167869975651,0
7,94,0.9796810763222505,0
7,95,0.9876140119669365,0
7,96,1.005495371493928,0
7,97,1.0212908182439366,0
7,98,1.0072359951786216,0
7,99,1.0207919608221143,0
7,100,0.9977346870657063,0
7,101,0.9835065400849337,0
7,102,1.0131854833800487,0
7,103,0.9625195474931026,0
7,104,0.9589093917350964,0
7,105,0.9628380286852788,0
7,106,0.9540297458705758,0
7,107,0.9579657974408368,0
7,108,0.958716957413901,0
7,109,0.9808117949153778,0
7,110,0.9773189479289474,0
7,111,0.9824239823839077,0
7,112,1.0009949110480367,0
7,113,0.9616210996089453,0
7,114,0.9583519930476163,0
7,115,1.0000832845162468,0
7,116,0.9807291050063166,0
7,117,0.9609546037870743,0
8,0,0.9523872438126901,0
8,1,0.9662015988800572,0
8,2,0.9650232358812859,0
8,3,0.9998222267391518,0
8,4,1.0091189732439618,0
8,5,0.9916812564195508,0
8,6,0.9830752054208257,0
8,7,1.0186249995052254,0
8,8,1.0366103927925172,0
8,9,1.0527946104404409,0
8,10,0.9856817333493194,0
8,11,0.9874076557969806,0
8,12,0.9623359149676297,0
8,13,0.9764886339379225,0
8,14,0.9733228215756641,0
8,15,0.9844542562819119,0
8,16,0.9966744079412941,0
8,17,0.9729385945292301,0
8,18,0.9628066187279359,0
8,19,0.953821910997132,0
8,20,0.949570234227545,0
8,21,0.9679103751029766,0
8,22,1.0048656016864486,0
8,23,1.003861835635259,0
8,24,1.0515395596766572,0
8,25,1.0117343023623793,0
8,26,0.9737320237035497,0
8,27,0.9628791358429706,0
8,28,0.9709258429292984,0
8,29,0.9793705679064256,0
8,30,0.9607469611019734,0
8,31,0.963615264415879,0
8,32,0.9787045903885523,0
8,33,0.9778390715326997,0
8,34,0.9802403448266644,0
8,35,0.9758361357369003,0
8,36,0.9934457022063197,0
8,37,0.9571190912171632,0
8,38,0.961191507197209,0
8,39,0.9690023844508645,0
8,40,0.9655593243000026,0
8,41,0.992808063589484,0
8,42,0.9771353376819577,0
8,43,0.9751962455461962,0
8,44,0.9776760836590779,0
8,45,0.9967634992613562,0
8,46,1.0103084120168193,0
8,47,1.0160973282573764,0
8,48,1.0207825492483311,0
8,49,0.9964632079743134,0
8,50,0.9705647065157217,0
8,51,0.9524087291570332,0
8,52,0.9334406016996498,0
8,53,0.9506328759541451,0
8,54,0.9479901966199433,0
8,55,0.9544926036541893,0
8,56,0.962917956730673,0
8,57,0.9594597265877066,0
8,58,0.9861295611171929,0
8,59,0.9914511365721485,0
8,60,0.9965033328037509,0
8,61,0.9994318951659913,0
8,62,0.9624493875655025,0
8,63,0.9790869103094841,0
8,64,0.9970028645847943,0
8,65,1.0508300785485705,0
8,66,1.0122448981739016,0
8,67,0.9959155487430708,0
8,68,1.036280258630258,0
8,69,0.981185305574823,0
8,70,0.9918063761718809,0
8,71,0.9795105347131309,0
8,72,0.9903109727846707,0
8,73,0.9642729160219775,0
8,74,0.960983309285264,0
8,75,0.9374598194612243,0
8,76,1.0063036516606914,0
8,77,0.9919658031624998,0
8,78,1.007261293838154,0
8,79,1.0339993993146097,0
8,80,0.9926893898148885,0
8,81,0.9849150806898321,0
8,82,0.989549006027545,0
8,83,0.9838008763633952,0
8,84,0.9913498143078513,0
8,85,0.987435428585562,0
8,86,1.0189160943050601,0
8,87,0.9955164616777752,0
8,88,1.004063925041137,0
8,89,1.001658384387296,0
8,90,0.9844480202458101,0
8,91,0.9817548238809052,0
8,92,0.983596633845049,0
8,93,0.990753815609255,0
8,94,0.984417386242296,0
8,95,0.9958843754324755,0
8,96,1.003772603521733,0
8,97,1.0247638370756624,0
8,98,1.0153081701073112,0
8,99,1.0237481120024174,0
8,100,0.9934063811596199,0
8,101,0.9921319317091272,0
8,102,1.010954308977777,0
8,103,0.9647988454402879,0
8,104,0.9495345833944708,0
8,105,0.9601672423010509,0
8,106,0.9557375530519027,0
8,107,0.9717574450463993,0
8,108,0.9689184277638493,0
8,109,0.9757251172409256,0
8,110,0.9800849012136547,0
8,111,0.9766913869643041,0
8,112,0.9885354448100744,0
8,113,0.9636984560750916,0
8,114,0.9593614561447329,0
8,115,1.0031777839051377,0
8,116,0.9643411738435026,0
8,117,0.946180983103749,0
9,0,0.952664303097111,0
9,1,0.9644580875120596,0
9,2,0.9674197353618249,0
9,3,0.9994067183020667,0
9,4,1.0035839078702693,0
9,5,0.9895902361994747,0
9,6,0.9881393452935642,0
9,7,1.0158501167344907,0
9,8,1.0384245992062646,0
9,9,1.0485443865711952,0
9,10,0.9892693961997289,0
9,11,0.9898279571151487,0
9,12,0.9585994661849542,0
9,13,0.9873883782711176,0
9,14,0.9790133891060918,0
9,15,0.9858263470561172,0
9,16,0.9906727916796435,0
9,17,0.9741106749181426,0
9,18,0.9632625854505543,0
9,19,0.9540373470771236,0
9,20,0.954283079236683,0
9,21,0.9641199073574844,0
9,22,0.9914783113093895,0
9,23,0.9949390078620547,0
9,24,1.0528074764305535,0
9,25,1.0112621386602376,0
9,26,0.9691659345826883,0
9,27,0.9655839862088748,0
9,28,0.9618163132622904,0
9,29,0.9833946929146695,0
9,30,0.9690586918382813,0
9,31,0.9640780840861207,0
9,32,0.9660325831695389,0
9,33,0.9912264057221887,0
9,34,0.9850228341045777,0
9,35,0.9733268254519025,0
9,36,0.9886063539138501,0
9,37,0.9546675778755349,0
9,38,0.9747331757354973,0
9,39,0.9809067006042678,0
9,40,0.9592501509629602,0
9,41,0.9844492913444126,0
9,42,0.9636925172076385,0
9,43,0.9864417653369236,0
9,44,0.9817835556304646,0
9,45,1.008672058843259,0
9,46,1.0048979795584367,0
9,47,1.0120579670144036,0
9,48,1.0316904619752911,0
9,49,1.0001296458457185,0
9,50,0.9654393894670057,0
9,51,0.9499330180057425,0
9,52,0.9461011612178121,0
9,53,0.9686816398986674,0
9,54,0.9551458858128228,0
9,55,0.9526323540442789,0
9,56,0.9644956365471091,0
9,57,0.954385297996112,0
9,58,0.9876840572489205,0
9,59,0.9845271905128696,0
9,60,1.001495187587684,0
9,61,0.9987594142550231,0
9,62,0.9614733224094866,0
9,63,0.9808021006140705,0
9,64,1.0040864677086923,0
9,65,1.044993460596632,0
9,66,1.021586380512669,0
9,67,0.99327931920375,0
9,68,1.0315363305205965,0
9,69,0.9874051459560199,0
9,70,0.9876681301476706,0
9,71,0.981336005117103,0
9,72,0.9940588058415597,0
9,73,0.9551781096935653,0
9,74,0.9668814109072326,0
9,75,0.9486468516040445,0
9,76,1.006123905308878,0
9,77,1.0079540806262062,0
9,78,1.0137675069711594,0
9,79,1.044207904185388,0
9,80,0.9826593671166624,0
9,81,0.9786892441600455,0
9,82,0.9923858675660331,0
9,83,0.9796343273841448,0
9,84,0.9903640150380121,0
9,85,0.9909682109255726,0
9,86,1.0142298472422109,0
9,87,0.9868682519320785,0
9,88,1.004537107548371,0
9,89,0.9874040318999707,0
9,90,0.9830380121026181,0
9,91,0.9855519135723736,0
9,92,0.9845887735688006,0
9,93,0.9943930547645958,0
9,94,0.9776126916254059,0
9,95,0.9923923448401901,0
9,96,1.0049613925739893,0
9,97,1.019866121181487,0
9,98,1.0035025028519293,0
9,99,1.0250805906400613,0
9,100,0.9871918944709184,0
9,101,0.9863759304941344,0
9,102,1.006116594127205,0
9,103,0.97304481020444,0
9,104,0.9649626669975228,0
9,105,0.9623605652446254,0
9,106,0.9438448806033682,0
9,107,0.9752894643869082,0
9,108,0.9689786301522625,0
9,109,0.9782261147252245,0
9,110,0.9735688524162026,0
9,111,0.9614531128651655,0
9,112,0.9994264619079744,0
9,113,0.9522725331449338,0
9,114,0.9620946798603329,0
9,115,1.0103593862760563,0
9,116,0.9761195913739069,0
9,117,0.9516910393585001,0
10,0,0.9578913000406535,0
10,1,0.9802662848766537,0
10,2,0.9672504883972983,0
10,3,1.0000621885426957,0
10,4,1.0029998037793115,0
10,5,0.9991669715928114,0
10,6,0.9882374389121671,0
10,7,1.0140267443634694,0
10,8,1.043590141580265,0
10,9,1.0434769152253194,0
10,10,0.9795469322578261,0
10,11,0.9958797394640353,0
10,12,0.9675307037553101,0
10,13,0.9906236549152483,0
10,14,0.9768209786605944,0
10,15,0.9826427225079178,0
10,16,0.9886032156321568,0
10,17,0.9756888018149432,0
10,18,0.9655945747461675,0
10,19,0.9509434115965476,0
10,20,0.9517980453844189,0
10,21,0.9621347393588042,0
10,22,1.0012862706146273,0
10,23,0.9967682512156626,0
10,24,1.057486299465481,0
10,25,1.0143714408541706,0
10,26,0.9633618345174393,0
10,27,0.9667579047126204,0
10,28,0.9716178879147195,0
10,29,0.9843929323896052,0
10,30,0.9665297967921626,0
10,31,0.9624245337508912,0
10,32,0.9715357578011088,0
10,33,0.9912889614772296,0
10,34,0.9801462155384671,0
10,35,0.9830865880594335,0
10,36,0.9835267370331896,0
10,37,0.9575508672665445,0
10,38,0.9716378578839977,0
10,39,0.9618407830634175,0
10,40,0.968661114949275,0
10,41,0.9821742857171211,0
10,42,0.9813124822117294,0
10,43,0.9773559283914341,0
10,44,0.9799486028915275,0
10,45,1.0014968684921364,0
10,46,0.9970714104777665,0
10,47,1.0307876385320862,0
10,48,1.0288632998561948,0
10,49,1.0061041429411102,0
10,50,0.9544967514464833,0
10,51,0.9491726577747551,0
10,52,0.9436817481010444,0
10,53,0.9527741207135443,0
10,54,0.9482505262649782,0
10,55,0.9590554978686802,0
10,56,0.9652624284860724,0
10,57,0.9592716123231592,0
10,58,0.9803592208882698,0
10,59,0.9864254946140114,0
10,60,1.002931924847349,0
10,61,1.007553376518754,0
10,62,0.9640061545729568,0
10,63,0.9809384273113263,0
10,64,1.012708987715571,0
10,65,1.0521549920652853,0
10,66,1.0051030692888725,0
10,67,1.0000516418231746,0
10,68,1.03507053242835,0
10,69,0.9781496552251601,0
10,70,0.9849023616149194,0
10,71,0.9748586288485603,0
10,72,0.9940077638482097,0
10,73,0.9509182992808982,0
10,74,0.9521233010749018,0
10,75,0.9395490107937213,0
10,76,1.0051461185145547,0
10,77,1.00648674059351,0
10,78,1.010723347243906,0
10,79,1.0433762962483022,0
10,80,0.9804790905697484,0
10,81,0.9809985809398049,0
10,82,0.9831680885395635,0
10,83,0.9804436327281452,0
10,84,0.9856167009014388,0
10,85,0.9855672148525112,0
10,86,1.0179070311123788,0
10,87,0.9857507888966436,0
10,88,1.0057989618772936,0
10,89,0.987450794946394,0
10,90,0.986033991615854,0
10,91,0.9970932758720062,0
10,92,0.9878146328725601,0
10,93,0.9844558512062288,0
10,94,0.9759016641428407,0
10,95,0.9907830670192033,0
10,96,1.0074891256965477,0
10,97,1.0247629013820077,0
10,98,1.0089044582117697,0
10,99,1.0161843757712452,0
10,100,0.9888050455461614,0
10,101,0.9845288020181204,0
10,102,1.0080757271342038,0
10,103,0.9706931991402145,0
10,104,0.9667306541455232,0
10,105,0.9640712595816177,0
10,106,0.9528773702318323,0
10,107,0.9676825601139175,0
10,108,0.9684607177063718,0
10,109,0.9750195031580028,0
10,110,0.9762738260493035,0
10,111,0.9765019620956081,0
10,112,0.9854783246676404,0
10,113,0.9612841067255764,0
10,114,0.9596012297688915,0
10,115,0.9980039881832707,0
10,116,0.976114944730815,0
10,117,0.9378992158026837,0
11,0,0.9595272798277774,0
11,1,0.9712211370777865,0
11,2,0.9689276686333829,0
11,3,0.9965808169697593,0
11,4,0.9925715981094516,0
11,5,0.9873871334540009,0
11,6,0.9890274208333146,0
11,7,1.0212603606607564,0
11,8,1.0433409141208885,0
11,9,1.0492064938480918,0
11,10,0.9897128032007726,0
11,11,0.985585611383437,0
11,12,0.963254787801516,0
11,13,0.9764675504250112,0
11,14,0.9674700967305196,0
11,15,0.9772689464111586,0
11,16,0.9940647511560303,0
11,17,0.9696476946023004,0
11,18,0.9591799544561799,0
11,19,0.9522685019732533,0
11,20,0.9552676127758657,0
11,21,0.9582825994837628,0
11,22,0.9886491282872243,0
11,23,0.9828230607538494,0
11,24,1.0553038577851688,0
11,25,1.0210660237210114,0
11,26,0.971385614682212,0
11,27,0.9692169376097306,0
11,28,0.970218322232237,0
11,29,0.97810790762981,0
11,30,0.9648861040326897,0
11,31,0.963299573116585,0
11,32,0.9623918072194195,0
11,33,0.98349750093148,0
11,34,0.9866981287394082,0
11,35,0.9829702102075494,0
11,36,0.9918676442823204,0
11,37,0.9552935769380166,0
11,38,0.9659432203297196,0
11,39,0.9772653751183104,0
11,40,0.966820797306845,0
11,41,0.9864860687389573,0
11,42,0.9750599438323306,0
11,43,0.9712326511230838,0
11,44,0.9715725143643249,0
11,45,1.001858127299122,0
11,46,1.0032261585372952,0
11,47,1.0205943114620895,0
11,48,1.0251670578643668,0
11,49,1.0020316089852295,0
11,50,0.9687019429330866,0
11,51,0.9513413721784714,0
11,52,0.9526374574021765,0
11,53,0.9575954206160888,0
11,54,0.9519049897890166,0
11,55,0.9472118278975151,0
11,56,0.9657225605664694,0
11,57,0.9574735976002471,0
11,58,0.9845827550093227,0
11,59,0.9925000243642773,0
11,60,0.9969564704980695,0
11,61,0.9988866143431638,0
11,62,0.9647403115014281,0
11,63,0.9837381782500759,0
11,64,1.006926296901381,0
11,65,1.0424696121008452,0
11,66,1.0142732363414608,0
11,67,0.9984930655670711,0
11,68,1.0332063589019596,0
11,69,0.9923061600183006,0
11,70,0.9858947615852535,0
11,71,0.9787484480563658,0
11,72,0.9927806765964268,0
11,73,0.961841401741423,0
11,74,0.9692943809924655,0
11,75,0.9446890858223409,0
11,76,1.0089596592138261,0
11,77,1.004316233494294,0
11,78,1.0138994692984,0
11,79,1.0460066465114592,0
11,80,0.9762503415454739,0
11,81,0.985453431635289,0
11,82,0.9867666043189006,0
11,83,0.9828303054556371,0
11,84,0.9794941283088199,0
11,85,0.9818169645356525,0
11,86,1.0109128483484908,0
11,87,0.9905010705326891,0
11,88,0.9944681953770171,0
11,89,0.98827462232916,0
11,90,0.9821439394636424,0
11,91,0.9833074703110822,0
11,92,0.9793427542059422,0
11,93,0.9893423884470662,0
11,94,0.9782061792383236,0
11,95,0.9938471881384199,0
11,96,1.001860524629696,0
11,97,1.0155586452773278,0
11,98,1.0083401292960237,0
11,99,1.0113924146697748,0
11,100,0.9867569690353907,0
11,101,0.9931954271121956,0
11,102,1.011872071330875,0
11,103,0.9690230413895354,0
11,104,0.9684936577192926,0
11,105,0.9688664893922958,0
11,106,0.9514530285230749,0
11,107,0.9662443863394813,0
11,108,0.965367291175917,0
11,109,0.973247192167489,0
11,110,0.9860850146860201,0
11,111,0.9823434843998718,0
11,112,0.9949756088946162,0
11,113,0.95862573469941,0
11,114,0.9576156432278471,0
11,115,0.9951136107481405,0
11,116,0.9723872354856867,0
11,117,0.9441358374798818,0
12,0,0.9489177125056203,0
12,1,0.9702093692373418,0
12,2,0.9746258110001265,0
12,3,0.9908091926538739,0
12,4,0.9981542065753886,0
12,5,0.9982062413424743,0
12,6,0.9953645486108613,0
12,7,1.0098951215692749,0
12,8,1.0460743789526836,0
12,9,1.0477603580389119,0
12,10,0.9825135116202952,0
12,11,0.9914303929602161,0
12,12,0.9652736512426752,0
12,13,0.9858827537600051,0
12,14,0.9703105454621522,0
12,15,0.978776445075777,0
12,16,1.0005137542559785,0
12,17,0.9656955848922889,0
12,18,0.9668454241639105,0
12,19,0.9489569713992131,0
12,20,0.9544726778101759,0
12,21,0.9587567007526198,0
12,22,0.994358177043617,0
12,23,0.9862500241843108,0
12,24,1.055104486537828,0
12,25,1.0148124446178435,0
12,26,0.962587993594283,0
12,27,0.9600069789244705,0
12,28,0.9626427943965363,0
12,29,0.9687021532921982,0
12,30,0.9682936011452036,0
12,31,0.9637873551274345,0
12,32,0.9603152687541995,0
12,33,0.9776861797452198,0
12,34,0.9872836004421968,0
12,35,0.980494286367313,0
12,36,0.9831480697767195,0
12,37,0.946545555648949,0
12,38,0.969726546616605,0
12,39,0.9635087069966497,0
12,40,0.9725954369190037,0
12,41,0.9861946245853295,0
12,42,0.9680054389478163,0
12,43,0.9682610409087112,0
12,44,0.9861045783935362,0
12,45,1.0125736737296498,0
12,46,1.0052826009790223,0
12,47,1.0093890989183008,0
12,48,1.0245477810356958,0
12,49,0.9948178059856684,0
12,50,0.9597990167231314,0
12,51,0.9568004295569383,0
12,52,0.9412776587511245,0
12,53,0.9645335027661537,0
12,54,0.9460682986320005,0
12,55,0.9560205746133889,0
12,56,0.9794402945572016,0
12,57,0.9498667776302697,0
12,58,0.9794142942355075,0
12,59,0.990210651837007,0
12,60,0.9965406239445801,0
12,61,0.9926563645497292,0
12,62,0.9581981458147868,0
12,63,0.9826545798875217,0
12,64,1.009213108340359,0
12,65,1.047722553671723,0
12,66,1.0265236925554755,0
12,67,0.9911396105419943,0
12,68,1.0395872912859723,0
12,69,0.9819171012074273,0
12,70,0.9804083756900682,0
12,71,0.9807206360493856,0
12,72,0.999325780149896,0
12,73,0.9582480567748702,0
12,74,0.9633802577322621,0
12,75,0.9425401195682195,0
12,76,1.0091123473388848,0
12,77,0.9947501120820468,0
12,78,1.0083848968142073,0
12,79,1.0361331552771949,0
12,80,0.9807284964955227,0
12,81,0.9765795108933625,0
12,82,0.986260701335643,0
12,83,0.9790153495965771,0
12,84,0.9894786873507451,0
12,85,0.9851064908446908,0
12,86,1.013653213500377,0
12,87,0.9853732523141215,0
12,88,1.0080918067119,0
12,89,0.9857893609727157,0
12,90,0.9774735091296659,0
12,91,0.9853780968912861,0
12,92,0.9824322510030038,0
12,93,0.9939785998749118,0
12,94,0.9766293814502723,0
12,95,0.9931940897030611,0
12,96,1.013583321580068,0
12,97,1.0146756095079816,0
12,98,1.0098938694751238,0
12,99,1.019718056916252,0
12,100,0.9897426815497316,0
12,101,0.98500604965257,0
12,102,1.0167698256676605,0
12,103,0.9676055196309207,0
12,104,0.9681388215088609,0
12,105,0.9640240427764089,0
12,106,0.9502624056060237,0
12,107,0.9608581921073164,0
12,108,0.9745201610989338,0
12,109,0.973632349854694,0
12,110,0.9706511974902727,0
12,111,0.9743220488913111,0
12,112,0.9879203409436225,0
12,113,0.9601876086755478,0
12,114,0.9611496901400305,0
12,115,0.9983821149417555,0
12,116,0.9667798232429016,0
12,117,0.95138905933147,0
13,0,0.9607095070281669,0
13,1,0.9648874637850742,0
13,2,0.965981071243594,0
13,3,0.999986134090038,0
13,4,0.9992114067240038,0
13,5,0.9951820106858585,0
13,6,0.9897976551373012,0
13,7,1.016378886219465,0
13,8,1.0404994665019616,0
13,9,1.0517260182755241,0
13,10,0.979257690455706,0
13,11,0.9847323184631337,0
13,12,0.9576899130398743,0
13,13,0.9820079861023403,0
13,14,0.9698350565012981,0
13,15,0.9879391150787499,0
13,16,0.9899982431930223,0
13,17,0.9768305927330878,0
13,18,0.9632125836860769,0
13,19,0.9515292335201613,0
13,20,0.9473418900238151,0
13,21,0.974803373192519,0
13,22,0.9964802723086889,0
13,23,0.9873358526188695,0
13,24,1.055555549783891,0
13,25,1.0120197228183216,0
13,26,0.9664437378551043,0
13,27,0.9603448800768131,0
13,28,0.973555182736376,0
13,29,0.9845997222955484,0
13,30,0.9674223985133084,0
13,31,0.9686392775218661,0
13,32,0.9638604827948359,0
13,33,0.98206554859595,0
13,34,0.9816176931758986,0
13,35,0.9815023851185213,0
13,36,0.9897282981345837,0
13,37,0.9445238910829649,0
13,38,0.9744512963898914,0
13,39,0.9637955580677877,0
13,40,0.966920507803415,0
13,41,0.9896860953238592,0
13,42,0.966228574568481,0
13,43,0.9709647239082428,0
13,44,0.9667714338018323,0
13,45,1.0035431002338009,0
13,46,1.0060290890067376,0
13,47,1.0203285459411682,0
13,48,1.0276348728106448,0
13,49,1.0011191230988232,0
13,50,0.9644177577829258,0
13,51,0.9524047614452142,0
13,52,0.9428792828915117,0
13,53,0.9626104966084077,0
13,54,0.9479344995299488,0
13,55,0.961263656567463,0
13,56,0.9685488472576025,0
13,57,0.9568043770304769,0
13,58,0.9812126794125178,0
13,59,0.9854928782241555,0
13,60,0.9849465065215715,0
13,61,0.9940609022596502,0
13,62,0.9707820572667768,0
13,63,0.9791849660299689,0
13,64,1.0107959880129833,0
13,65,1.057735740744043,0
13,66,1.0161948372284157,0
13,67,1.001189775045097,0
13,68,1.0315092169816487,0
13,69,0.9763639323140713,0
13,70,0.9887698767023511,0
13,71,0.9711474654959448,0
13,72,0.9857392816350616,0
13,73,0.9504062609825792,0
13,74,0.9603826969515121,0
13,75,0.9338257022667816,0
13,76,1.0043481505882488,0
13,77,1.0055090490141063,0
13,78,1.020449985991263,0
13,79,1.0394419878889103,0
13,80,0.9855618039744009,0
13,81,0.9763143365339202,0
13,82,0.9875725905314725,0
13,83,0.9776283280324111,0
13,84,0.9803982572887046,0
13,85,0.9772994240500946,0
13,86,1.0181261019457415,0
13,87,0.9870565605007723,0
13,88,1.0041904056693873,0
13,89,0.9779728877323817,0
13,90,0.9764184875479004,0
13,91,0.9903898258797205,0
13,92,0.9847205277553149,0
13,93,0.9737961130150177,0
13,94,0.9777750844790302,0
13,95,0.9927314794601132,0
13,96,1.0035121164721945,0
13,97,1.0290253997233558,0
13,98,1.0104191999139096,0
13,99,1.0075353587549658,0
13,100,0.995001080412921,0
13,101,0.982432605733078,0
13,102,1.0113981325712076,0
13,103,0.9784197634351044,0
13,104,0.9639779470569382,0
13,105,0.9498173499570841,0
13,106,0.9444577344264452,0
13,107,0.9546178899122841,0
13,108,0.9705832221802434,0
13,109,0.9662173883395946,0
13,110,0.9867064240047817,0
13,111,0.9774579063965211,0
13,112,0.9888241882382347,0
13,113,0.9572642623046052,0
13,114,0.9626313440935695,0
13,115,0.9964450698832831,0
13,116,0.971274956979797,0
13,117,0.9373221653634825,0
14,0,0.9487844912775707,0
14,1,0.9697083188519898,0
14,2,0.972328361002534,0
14,3,0.9999744156996564,0
14,4,0.9977190810718652,0
14,5,0.9912204939064974,0
14,6,0.9887598090340198,0
14,7,1.0140967123850229,0
14,8,1.0459531435907623,0
14,9,1.0549460604351673,0
14,10,0.9806177196047579,0
14,11,0.9914249889125315,0
14,12,0.9623510688151065,0
14,13,0.9769346911097576,0
14,14,0.9731228732053768,0
14,15,0.9750199574352416,0
14,16,0.993635964063421,0
14,17,0.9631343730554547,0
14,18,0.9628548802742718,0
14,19,0.950178573903659,0
14,20,0.954136125395788,0
14,21,0.9540138426339018,0
14,22,0.9946536283515943,0
14,23,0.9894505832838767,0
14,24,1.054578801020988,0
14,25,1.018624551328332,0
14,26,0.9747249919950336,0
14,27,0.9548186271665183,0
14,28,0.9638431640519356,0
14,29,0.9976594364794298,0
14,30,0.9658125395421588,0
14,31,0.9687897522950043,0
14,32,0.9615558878401345,0
14,33,0.988347290097513,0
14,34,0.9822349125348027,0
14,35,0.9881118286743172,0
14,36,0.9976726429246794,0
14,37,0.9588648907787545,0
14,38,0.9683591272987295,0
14,39,0.975966520607131,0
14,40,0.9632936557109786,0
14,41,0.9837480789151654,0
14,42,0.9701540102919082,0
14,43,0.975159324946518,0
14,44,0.9800299678886911,0
14,45,0.9976826535993518,0
14,46,1.0080987684654819,0
14,47,1.0206670363802284,0
14,48,1.0151502039207367,0
14,49,0.9955473738500495,0
14,50,0.957809092330055,0
14,51,0.9522053402525021,0
14,52,0.9454234924156882,0
14,53,0.9591128132405139,0
14,54,0.947556869788646,0
14,55,0.948848660446555,0
14,56,0.9553385059322775,0
14,57,0.9580702820462667,0
14,58,0.9862458383091354,0
14,59,1.0012257920784144,0
14,60,0.996116408959075,0
14,61,0.9936029272746933,0
14,62,0.9544902970216622,0
14,63,0.9819767582446519,0
14,64,0.999684670165219,0
14,65,1.0543174810401923,0
14,66,1.0227557360052277,0
14,67,0.9999174402737334,0
14,68,1.031361266286585,0
14,69,0.9869312540564931,0
14,70,0.9875092584859708,0
14,71,0.9770930428956917,0
14,72,0.996611675625558,0
14,73,0.9521683828696247,0
14,74,0.9620302955066896,0
14,75,0.9457717176552979,0
14,76,1.0075098394135749,0
14,77,1.0049206652184588,0
14,78,1.0072315141337334,0
14,79,1.0413288790018242,0
14,80,0.9817522747025805,0
14,81,0.9891307350314681,0
14,82,0.9814726072692722,0
14,83,0.9855482705137677,0
14,84,0.9773847363699855,0
14,85,0.9846207834946504,0
14,86,1.0131990825066728,0
14,87,0.9907054047253651,0
14,88,1.0063991572849043,0
14,89,0.9784149252215184,0
14,90,0.979861593989147,0
14,91,0.9931441828288995,0
14,92,0.9841205917370576,0
14,93,0.9830753612939891,0
14,94,0.9805009553828522,0
14,95,0.9857258694948043,0
14,96,1.0132480080655804,0
14,97,1.0270790413227757,0
14,98,1.0066385386663694,0
14,99,1.0221924781288245,0
14,100,0.9886118400447017,0
14,101,0.9850422229349014,0
14,102,1.0076453463775645,0
14,103,0.9662029966953446,0
14,104,0.969217141251349,0
14,105,0.9523052321816112,0
14,106,0.9417421741826235,0
14,107,0.9688856424830526,0
14,108,0.9624650783153467,0
14,109,0.9796603299093196,0
14,110,0.9874535610542299,0
14,111,0.9724059608813351,0
14,112,0.9951780456693363,0
14,113,0.9491288573943316,0
14,114,0.9549350538525376,0
14,115,1.0093104991250472,0
14,116,0.9767824051688379,0
14,117,0.9397929783788569,0
15,0,0.9579605500350082,0
15,1,0.9624962836957446,0
15,2,0.9650736271361686,0
15,3,0.9914642488589126,0
15,4,1.0020936413283623,0
15,5,0.9988632429576584,0
15,6,0.9842546533397799,0
15,7,1.0143417547753146,0
15,8,1.0356167642905851,0
15,9,1.0519347273337143,0
15,10,0.9795976512089568,0
15,11,0.9923898560180893,0
15,12,0.96734326497154,0
15,13,0.9879400441571745,0
15,14,0.9745880428831757,0
15,15,0.9794965736063848,0
15,16,0.9956957050851818,0
15,17,0.9705181970958696,0
15,18,0.95808739348957,0
15,19,0.9508586062574369,0
15,20,0.948210185940159,0
15,21,0.9602458226064955,0
15,22,0.9933133163922013,0
15,23,0.9965700053587426,0
15,24,1.0514348921126089,0
15,25,1.014973419931171,0
15,26,0.9685657404373801,0
15,27,0.960363186771783,0
15,28,0.9678682132773859,0
15,29,0.9737790449907564,0
15,30,0.967595075842363,0
15,31,0.9631860072479955,0
15,32,0.9691882748580245,0
15,33,0.9749650002655498,0
15,34,0.9804295614902234,0
15,35,0.9832848354149525,0
15,36,0.9906879879673443,0
15,37,0.9466242906275428,0
15,38,0.9716084491009326,0
15,39,0.9717766755404003,0
15,40,0.9691076218162185,0
15,41,0.9811020434951825,0
15,42,0.9764316824272591,0
15,43,0.9593488695466608,0
15,44,0.9801008049461051,0
15,45,1.0033194160311718,0
15,46,1.0015591337197922,0
15,47,1.0192575086760507,0
15,48,1.029074059507001,0
15,49,1.0025347425849565,0
15,50,0.9607749099007465,0
15,51,0.9438027948454955,0
15,52,0.9421283198952369,0
15,53,0.9590544332996355,0
15,54,0.9522017354177598,0
15,55,0.95005252481849,0
15,56,0.9649117173276993,0
15,57,0.9489546524396407,0
15,58,0.9866547682501621,0
15,59,0.9893241115606073,0
15,60,0.9970167779911872,0
15,61,0.9934795000975943,0
15,62,0.9566104717259989,0
15,63,0.9823240275504106,0
15,64,1.00441169410835,0
15,65,1.0505966751880353,0
15,66,1.0119141671454515,0
15,67,1.000529223860618,0
15,68,1.037166317711422,0
15,69,0.9753798551965852,0
15,70,0.9776609100779221,0
15,71,0.9814889459271784,0
15,72,0.9952594318793231,0
15,73,0.9608280579112533,0
15,74,0.9566637397027044,0
15,75,0.9482986125408782,0
15,76,0.9949652800932955,0
15,77,0.9981639831784478,0
15,78,1.0101535249704516,0
15,79,1.0361751906445256,0
15,80,0.9899161201816314,0
15,81,0.9798877813281499,0
15,82,0.9958099489616411,0
15,83,0.9859828245607154,0
15,84,0.9841562068047974,0
15,85,0.9782507179356683,0
15,86,1.0094018884906266,0
15,87,0.9876505767513546,0
15,88,1.004617233338168,0
15,89,0.9858328089215814,0
15,90,0.9724181952210519,0
15,91,0.9865800498340368,0
15,92,0.9875567242305028,0
15,93,0.9912407114952264,0
15,94,0.9692492881837482,0
15,95,0.9921863406467583,0
15,96,1.0034703003785943,0
15,97,1.014894009299905,0
15,98,1.0093798344540013,0
15,99,1.0204399759722356,0
15,100,0.9870349387222815,0
15,101,0.9882060877957561,0
15,102,1.0088733503610472,0
15,103,0.9740231579986617,0
15,104,0.9619883527721674,0
15,105,0.9685356420768195,0
15,106,0.947684414827536,0
15,107,0.9600167949928616,0
15,108,0.9672520116853293,0
15,109,0.9718139897625624,0
15,110,0.9771688649338002,0
15,111,0.9812306847592874,0
15,112,0.9909338469940657,0
15,113,0.9633582000451254,0
15,114,0.957899455503871,0
15,115,1.0089735754973546,0
15,116,0.9713249002724105,0
15,117,0.9387828551654518,0
