id,node_ids,is_power_line,is_power_transformer_way,length_km,voltage
1086615739,"9956393646;9956393647;3871605601",true,false,0.03995253305383339,"110000"
1150692038,"10704248382;10704248383;10704248384",true,false,0.012480800577830938,"110000"
80130034,"1026552362;1026552372;934809542;1093469336;1093469570;2741721293;1093469499;934809551;1026552380;934809546",true,false,2.7723817759476828,"110000"
909772784,"8447141841;8447141842",true,false,0.015320546463980948,"110000"
1119544048,"10239765766;10239765767;10239765768;10239765769;10239765770;10239765771;10239765772;11741245436;11741245437;11741245435",true,false,0.29658905717628853,"380000"
1119597532,"10240168716;10240168717;10240168718;10240168719;277101610",true,false,0.3221699054560375,"110000"
473785976,"1304247439;4678302982;4678302981",true,false,0.1628580317480879,"110000"
1151325262,"1045022132;10710776388;13296126857",true,false,0.021524166431206013,"110000"
1449595346,"13296126857;10710776389",true,false,0.01391037511259665,"110000"
88061756,"10239765639;291643873",true,false,0.21876684819856182,"380000"
1151325274,"10710824721;10710824722;10710824723",true,false,0.019328334941184393,"110000"
143069425,"292431364;292431365",true,false,0.4267673662830639,"380000"
1119606390,"10240227979;10240227980;10240227981;10240227982;10240227983",true,false,0.039331011091466826,"110000"
1151325228,"10710776323;10710776328;10710776326;10710776341;10710776345;10710776332;10710776349;10710776346;10710776336;10710776324",true,false,0.05510728733297825,"110000"
1086615746,"9956393668;9956393684;9956393677;9956393679;9956393669",true,false,0.039655927826362736,"110000"
118416314,"1331987052;2378798391;1105781408;1331987061",true,false,0.046572617539315686,"110000"
1150803279,"1044936547;1044936502;1044936614",true,false,0.07420242729691746,"110000"
1151325230,"10710776331;10710776332;10710776333;10710776334",true,false,0.038342432995413615,"110000"
865957053,"8071414176;8071414174;8071414185;8071414177",true,false,0.02361950829840317,"110000"
1300426305,"12045197316;12045197317",true,false,0.016673946740195823,"110000"
328375713,"3351977829;3351977831;3351977832;3351977830;3351977829",false,true,0.010496112945385218,""
870598501,"2269888182;10239762505;10239765609;10239765633;8109833677;10239765657;10239765658;10239765740;10239765659",true,false,0.19941190713744172,"380000"
115432976,"1304247424;9956393634;204742784",true,false,0.051569194364576076,"110000"
95346139,"1105781242;1105781369;1105781275;1105781420;1105781220;1105781429;1105781251;1105781310;1105781461;1105781396;1105781222;1105781432;1105781254;1105781435;1105781287;1105781401;1105781257;1105781319;1105781225;1105781279;1105781464;1105781217",true,false,6.238947734313843,"110000"
1151325240,"10710776347;323105410;10710776346",true,false,0.02719549906655476,"110000"
1088085417,"292431323;9969345653",true,false,0.044463105670450864,"110000"
60980061,"387696221;473635660;479810054;479810043;479810036;479810032;479809960",true,false,1.5014489034306495,"110000"
88314369,"1025763528;10705300731;10705300735;10705300740;1025763531;10705300742;1025763414;1025763461",true,false,0.058513311063847856,"110000"
1300426306,"12045197318;12045197319",true,false,0.019795687189090385,"110000"
1086615736,"10704248380;9956393638;9956393639;9956393640",true,false,0.01875308796715038,"110000"
215601262,"1044936474;1420033389;8071595622;8071595623;8071595620",true,false,0.049040252030971385,"110000"
1151325239,"10710776350;10710776348;10710776349",true,false,0.026950129670802264,"110000"
1119544052,"10239765790;10239765791;10239765792;10239765793;10239765794;10239765795",true,false,0.06540723997548448,"110000"
1151325234,"10710776342;10710776343;10710776344;10710776345",true,false,0.05095941038030546,"110000"
287026400,"1376135133;1383005381;1383005370;1383005374;1383005367;7518090093;1383005391;1383005376;1211842493;1211842661;1445777335;1211842329;1211842638;1207484491;1207484464;1207484497;1207484463;1207484506;1207484482;1207484454;1207484512;1207484438;1207484495;1207484458;1207484468;1207484523;6343934175;6343934174;1207484471;1207484447;6343934173;1207484451;1207484474;1207484448",true,false,6.7998053224296555,"70000"
1151325248,"10710776374;10710776375;10710776376",true,false,0.03770374406089692,"110000"
1151325264,"288989994;10710776393;10710776394",true,false,0.016930401278956803,"110000"
1088085422,"7857081376;9969345669;9969345670;9969345671",true,false,0.024967793538160553,"110000"
229258796,"2378798229;2378798234;2378798236",true,false,0.05035727919264112,"380000"
1248857250,"1304247397;11608125498",true,false,0.05006408869107013,"110000"
1300531688,"4951587993;4951587991;10704248402",true,false,0.03695218313863059,"110000"
1088085416,"934809536;9969345672;9969345650",true,false,0.02545201054770464,"110000"
83641962,"974008553;291644102",true,false,0.21188855533939374,"110000"
1449967805,"13299015837;13299015838;13299015839;13299015850;12046067049",true,false,0.03236088739206713,"110000"
115808255,"1307334596;10240168790;10240168791;1307334588;277101675",true,false,0.2973337571079281,"110000"
19780630,"206090448;206090449;206090450;1095036392;206090452;206090453;248609911;248609912;248610144;248610145;290875907;290875893;290875891;290875880;252294907;252284905;270877694;270675052",true,false,4.907675201788166,"110000"
115432990,"1304247479;10703906176;7857081382;267233310;7857081379;1304247386;7857099190;7857099186;7857099188;1304247478;266515035;7857081384;1304247387",true,false,0.10983921979876952,"110000"
677533916,"6343953162;6343953160",true,false,0.020886624502750663,"70000"
115569315,"291644100;291644102",true,false,0.34815723272731414,"110000"
865957060,"1091410596;8071414205;8071414206;1091410618",true,false,0.24362321004036733,"110000"
1119597535,"10240168745;10240168746;10240168747;10240168748;10240168749;10240168750;10240168751;10240168752;10240168753",true,false,0.10432501193890699,"110000"
25117860,"274973657;273477971;266622577;266622576;266622575;266622562;266622563;1305289026;266622564;266622565;266622566;266622571;266622574;270877256;270877068;270877083;251105529;270877084;270877096;270877097;270877147;270877148;270877219;252846463;254036542;266778431;270877512;270675052",true,false,5.735834913733766,"110000"
1300169467,"12043001064;12043001065;12043001066;12043001067;1026552378",true,false,0.04069038497320811,"110000"
1150692043,"8511349393;10704274506",true,false,0.023353790780342613,"110000"
1119544040,"10239765779;10239765613;10239765709;1023439156;10239765710;10239765747;10239765711",true,false,0.1756446442326855,"380000"
1119544045,"10239765738;10239765739;10239765740;10239765741;10239765742;10239765743;10239765781;10239765744;10239765745;10239765746;10239765747;10239765748;10239765749;10239765750;10239765751;10239765752;10239765753;10239765754;10239765755;10239765756;10239765757;10239765767;10239765758",true,false,0.4758999041407178,"380000"
1151325241,"10710776352;10710776353;10710776358;10710776363;10710776361;10710776370;10710776378;10710776381;10710776383;10710776375;10710776373;10710776354",true,false,0.08089251930132169,"110000"
1119597531,"10240147108;10240168709;10240168710;277101647",true,false,0.24858355776684324,"110000"
1300531687,"10704248403;1542937311;1053726703",true,false,0.03668783290482679,"110000"
104684909,"1207489751;1207489768;1207489782;1207489763;1207489752;1207489781;1207489766;1207489788;1207489772;1207489759;1207489778;1207489750;12309251694;1207489777;1207489774;1207489761;1207489779;1207489765;1207489783;1207489770;1207489756;1207489780;1303562676",true,false,6.666065238031514,""
842193679,"7857081355;7857081360;7857081354;12046067046;7857081358",true,false,0.027230094656888765,"110000"
842193683,"1307334565;7857081366",true,false,0.04774768683398053,"110000"
1119597526,"10240147087;10240168725;10240168727;10240168729;10240168731;10240168733;10240168735;10240168737;10240147088;10240147089;10240147090;10240168739;10240168747;10240168744;10240168751;10240168758;10240168721;10240168759;10240168720;10240168768;10240168713;10240168712;10240147102;10240147098;10240147091",true,false,0.2269723768635104,"110000"
1119597529,"10240147103;10240147104;10240147105;277718165",true,false,0.25105329595546033,"110000"
1119544031,"10239765683;291643896",true,false,0.13515746273486448,"380000"
1151325236,"323105409;10710776350",true,false,0.030283633289436878,"110000"
1005690316,"6088857542;9278923851",true,false,0.02023915875292646,"70000"
115432986,"1304247315;9956393651;9956393648;270675052",true,false,0.08795767989258883,"110000"
162275042,"1741882296;1741882300;1741882304;1741882307",true,false,0.028444997022968883,"150000"
232353984,"1304247397;2407091322;2407091325;2407091329;292431382",true,false,0.7710582756243562,"110000"
36272198,"200006669;200018470;200021694;202769754;202772727;202774719;202776291;202778674;202780376;2177363609;202783534;2177373116;202868933;202850932;202853980;202855898;202858288;1093469409;202863367;669270450;202871499;351126893;484179892;484179893;484179894;484179895;484179896;484179897;484179898;484179899;484179900;484179901;484179902;484179904;484179905;484179906;484179907;484179908;484179909;484179910;484179911;484179912;484179915;484179916;484179917;484179918;484179919;484179920;484179921;484179922;484179923;484179925;484179926;484179927;484179929;484179931;484179932;484179934;484179935;484179936;484179938;484179939;484179941;484179943;484179944;484179946;484179947;484179948;484179949;484179950;484179952;484179953;484179954;484179955;484179956;484179957;484179958;484179959;484179960;484179961;484179963;484180511;484179964;484179965;484179966;484179967;423214247;423137599;423141479;423112345;423211749;423214470;423214577;423215085;423215518;423215843;739453229;1305288983;1305288955;1305289011;1305288971;1305288998;739453205;1305288987;1305289025;739453217;1305289001;1305289029;295143202;266624940;266624939;257879695;257879692;257879676;257879673;257879671;266508912;266508910;266508899;267225591;267225592;267225593;267225595;267225610;267225701;267225702;267225703;267225706;267225707;267225710;267225711;267225714;267225717;267226410;267226411;267226412;267299866;267299864;267299861;266621241;266621239;266621237;266621236;266621234;1303562796;266621671;266621670;266621663;266621665;266621667;267231843;267231844;267231845;267231864;267231867;267231871;267231874;1303562631;2240680196",true,false,46.27683572404149,"110000"
23845017,"267993317;1026486349;1026486405;1026486367;267993318;1026486429;1026486366;317334507;1026486382;1026486348;1026486404;1026486422",true,false,2.9679141420178996,"110000"
1119544033,"10239765684;10239765622;10239765685;10239765686;10239765687;10239765688;10239765755;10239765689",true,false,0.17681331835756128,"380000"
1119597552,"10240168733;7857146033;10240168734;7857146036",true,false,0.048057363446897594,"110000"
38037373,"1314649263;446945022;446945020;446945021;1314649256",true,false,0.8322149567631056,"110000"
1150692048,"8511349394;10704274511;10704274507",true,false,0.02598826743624319,"110000"
140568797,"262795526;262795528;262795531",true,false,0.630744397773628,"110000"
1088085424,"277101665;9969345675;10240168803",true,false,0.2335345777138022,"110000"
1150649430,"10703906167;10703906173;10703906172;10703906171;10703906170;10703906169;10703906183;10703906184;10703906168",true,false,0.11033698395222333,"110000"
207810073,"345611692;2180587041;10704274512;10704274513",true,false,0.06671424129352664,"110000"
1026219342,"9461602969;9461602986;9461602981;9461602989;9461602974;9461602995;9461602984;9461602991;9461602973;9461602977",true,false,0.15844119132251788,"150000"
115569316,"1305289023;1305289000",true,false,0.020261973648026732,"110000"
1150803269,"1207830299;10705257001;1303562636",true,false,0.013749661055752309,"110000"
92908926,"1376135040;9108460111;1376135056;1376135082;1376135093;1376135101;1376135105;1376135107;1376135108;1376135109;1376135111;1376135112;1376135113;1376135114;1376135115;1376135116;1376135117;1376135118;1376135119;1376135121;1376135122;1376135123;1376135124;1376135125;1376135126;1376135127;1376135129;1376135132;1376135134;1376135136;1376135139;1376135140;1376135144;1376135143;1376135142;1376135137;1077197818",true,false,14.940221848797757,"150000"
115337357,"1303562715;8071414182;1303562673;7671444633;8071414183;8071414204;1303562658",true,false,0.07480805947423265,"110000"
1119597558,"10240168775;10240168776;10240168778;10240168777;277106542",true,false,0.04677395244791567,"380000"
229258775,"2378798209;2269888184",true,false,0.037699961636336994,"380000"
1151327605,"1045022130;10710758590;10710758591;10710758592;10710758593;10710758594",true,false,0.1299828824478049,"110000"
123384134,"9278923855;6088857564;1376135025;1376135033;1376135035;1376135038;1376135042;1376135085;1376135102;1376135110;1376135120;1376135128;1376135133",true,false,2.90963353813978,"70000"
115432978,"4678307391;1304247443;1304247439",true,false,0.1642203635849217,"110000"
1085332531,"9945026627;9945026634;9945026628;9945026629;9945026630;9945026631;12046047584;12046047583;12046047582;12046047581;12046047580",true,false,0.15487712080677246,"380000"
870598503,"10239765805;8109833684;8109833683;8109833682;2269888183",true,false,0.1382708139975928,"110000"
578137663,"11697348967;5540433303;11697348968;11697361569;5540433302;5540433301;5540433300;5540433299;9350386016;8994247149;5540433298;5540433297;5540433296;5540433295;5540433294;5540433293;5540433292;5540433291;5540433290;5540433289;5540433288;8499341725;5540433287;5540433286;5540433285;9263185921;5540433284;5540433283;5540433282;5540433281;5540433280;5540433279;5540433278;5540433277;5540433276;5540433275;5540433274;5540433273;5540433272;5540433271;5540433270;5540433269;5540433268;5540433267;5540433266;5540433265;5540433264;5540433263;5540433262;5540433261;5540433260;5540433259;5540433258;5540433257;5540433256;5540433255;5540433254;5540433253;5540433252;9729809320;5540433251;11901410682;11901410684;5540433250;5540433249;5540433248;5540433247;5540433246",true,false,46.58307806773412,"320000"
1300536022,"1307334572;9969345645;1307334581",true,false,0.019462805073508335,"110000"
866134988,"8073155296;8073155295;8073155294",true,false,0.0817109799284637,""
1119597559,"10240168779;10240168801;10240168780;10240168781;10240168782;10240168783;10240168784;10240168785;10240168786",true,false,0.2421593718049697,"110000"
1026219340,"1303256023;1014114069",true,false,0.05749502017660114,"150000"
1119544042,"11741245442;10239765716;10239765717;10239765718;10239765719;10239765749;10239765720",true,false,0.14392132262328622,"380000"
1119597527,"10240147092;10240168724;10240168728;10240168730;10240168732;10240168734;10240168736;10240168738;10240147093;10240147094;10240147095;10240168740;10240168745;10240168743;10240168753;10240168756;10240168722;10240168761;10240168723;10240168766;10240168714;10240168711;10240168764;10240147100;10240147097;10240147096",true,false,0.2614482406268797,"110000"
1151325246,"10710776363;10710776364;10710776365;10710776366;10710776367;10710776368",true,false,0.04759038726153822,"110000"
1151325266,"1304736114;10710776398;10710776399;13296126860",true,false,0.029786739753006507,"110000"
1300426307,"6508998304;9944993310;9944993311",true,false,0.02103260912729539,"110000"
32551906,"267227081;267227080;267227079;267227078;267227077;267227076;267227075;267226804;267226803;267226592;267226591;267226590;267226589;267226392;267226391;266821638;267225713;267225712;267225709;267225708;266821639;1305289012;267225705;267225704;266821640;266821641;267225691;267225625;266821160;1305288958;266821161;266508877;266508875;266508873;266508871;266508869;266508868;266508866;266508864;266508862;266508854;266508853;266508850;266508840;266508838;266508837;1305288973;266508834;1305289026;266508832;266508831;266508830;266508829;266508828;266508827;266508826;266507527;266507478;266507471;366086487;266507466;266507459;366086104;266507456;266507452;266507448;266507446",true,false,16.706285116823636,"110000"
26593934,"291643896;291643909;291643912;291643940;291644039;291644041;291644045;291644052;291644059;291644065;291644071;291644077;291644081",true,false,4.093849922832126,"380000"
120352475,"262795531;262795532;262795536",true,false,0.3337584857513094,"110000"
906689900,"2240680196;4913210508;317395536",true,false,0.012180383626995826,"110000"
1151325275,"1702522844;1702522848;10710824714",true,false,0.019363596650402663,"110000"
1244629380,"11569652666;11569652656;11569652655;11569652654",true,false,0.01659332793741808,"5000"
1119606398,"8071414157;10240227948;8071414156;10240227947",true,false,0.06444158256482134,"110000"
1150692046,"8511349390;10704274509",true,false,0.022489017143622118,"110000"
1150803259,"1207898138;10705256979;10705256980;10705256981",true,false,0.04255876118786321,"110000"
1119606384,"10240227927;10240227957;10240227960;10240227986;10240227973;10240227965;10240227974;10240227981;10240227969;10240227943;10240227935;10240227954;10240227945;10240227948;10240227951;10240227953;10240227928",true,false,0.135300047394096,"110000"
1150649434,"274973657;10703906188",true,false,0.10360569109472088,""
1150792818,"10703906187;274973757;1532896988;274973657",true,false,0.15832395270059024,"110000"
115337333,"1303562607;10703922107;1243707739;10703906201;10703922118;10703922111;10703922113;1303562822",true,false,0.05908091682741676,"110000"
1119597561,"10240168792;10240168793;10240168794;10240168795;10240168796;10240168797;10240168798;10240168800;10240168799",true,false,0.1970110387014138,"110000"
1119544050,"10239765780;10239765781;10239765782;10239765783;10239765784;10239765785;10239765786;10239765787",true,false,0.18005913085327244,"380000"
1150692045,"8511349391;10704274508",true,false,0.022890203342382533,"110000"
1448688308,"13291260255;13291260249;13291260261;13291260250",true,false,0.03155220691388578,"110000"
1150803276,"10705300721;10705300722;10705300723;282414885",true,false,0.07064380547139444,"110000"
158015376,"1702522851;10710824716;1702522848;10710824722;10710824719;1702522840",true,false,0.04137389046047604,"110000"
1119544036,"10239765779;291643886",true,false,0.17064810785092627,"380000"
1119597533,"277106553;277106556;1304736151",true,false,0.20153121151597653,"110000"
1119544047,"10239765764;10239765758;10239765760;10239765761;10239765762;10239765763;10239765765;11741245435",true,false,0.22164985877866217,"380000"
26593932,"10239765800;291643870;291643846;291643844",true,false,0.5059562971430119,"110000"
1150649439,"10703906203;1303562607;10703906197",true,false,0.03536796997591551,"110000"
115337354,"8071414200;8071414198;1303562673;8071414209;8071414194;1091410618",true,false,0.13318334721906877,"110000"
657913478,"6161606864;6161607100;6161606860;6161607127;6161606864",false,true,0.013483506522284293,""
143072418,"12045352567;13252083602;1565625951;12046034155;1565625941;10704248385",true,false,0.16022918029385705,"110000"
1448688310,"13291260251;13291260253;13291260263;13291260261;13291260248",true,false,0.037140943118104904,"110000"
1119606396,"10240227933;1303562802;10240227929;10240227930;8071414150",true,false,0.06604136975315585,"110000"
1448483648,"13289639359;267227074",true,false,0.3104980120767587,""
1119544032,"10239765684;291643896",true,false,0.13666267216446656,"380000"
162275037,"1741882285;1741882304",true,false,0.06412055572297587,"150000"
842193691,"266515034;7857099185;266515035;10703906183",true,false,0.08229407532328044,"110000"
1300536025,"1307334568;7857081365",true,false,0.01801270404121442,"110000"
1150692042,"10704248404;10704274506;10704274507;10704274508;10704274509;10704274505",true,false,0.052377487334851494,"110000"
88715832,"292431365;1026492790",true,false,0.4364609441428336,"380000"
1119597539,"10240147097;277718158;10240147098;10240147099",true,false,0.05032965355523432,"110000"
1300443936,"12045352564;12045352565;12045352566;1026486364",true,false,0.05244180452097745,"110000"
1300531684,"10704248393;4951587975;4951587996",true,false,0.029735021684448647,"110000"
115337308,"262767579;262767580;262767673;262767674;262767675;262767676;956241780;1091410602;1091410618",true,false,2.1555073199520716,"110000"
25426565,"480296368;1307334599;277106536;10240168770;3118132931",true,false,0.27373955928485416,"380000"
115808260,"1307334614;10240168787;10240168823;1307334606;277101675",true,false,0.2956202952989377,"110000"
1300531685,"4951587989;4951587976;10704248390",true,false,0.030530344674231807,"110000"
677531080,"1207484448;6343938487;6343934184;6343938485;6343934181",true,false,0.09371775391825966,"70000"
162275028,"1741882259;1023519517;1023519587;1023520273;1023519976;1023519350;1023518896;1023519735;1023518552;1023520154;1023519037;1023519458;1023519911;1023518673;1023519602;1023519205;1023520034",true,false,4.223354043809879,"150000"
1119597545,"1304736151;10240168740;1304736190;10240168739",true,false,0.03873137126807888,"110000"
693330222,"6508998319;6508998318;6508998317;6508998316;6508998315;6508998314;6508998313;6508998312;6508998311;6508998310;6508998309;6508998308;6508998307;6508998306;1314649263;9944993309",true,false,4.583813231902294,"110000"
115808259,"1304736257;1304736291;1030677864",true,false,0.28879714622857044,"380000"
204863393,"1529772045;277106679",true,false,0.09754606496160359,"110000"
1150803258,"1207898138;10705256976;10705256977;10705256978",true,false,0.03828990047605611,"110000"
1448688313,"13291260258;13291260254;13291260257",true,false,0.018403875493813903,"110000"
162275034,"1741882262;1741882246;1741882233;1741882210;1741882206",true,false,0.30414979287011035,"150000"
229258776,"2378798227;2378798231",true,false,0.008948078020326652,""
1086615747,"9956393670;9956393685;9956393676;9956393673;9956393680;9956393671",true,false,0.039653496860910395,"110000"
1150692047,"8511349394;10704274510;10704274508",true,false,0.027495628531905524,"110000"
115808261,"292431323;1307334572",true,false,0.0440025598798605,"110000"
1151325251,"10710776383;10710776384;10710776385;10710776386",true,false,0.03868024352312689,"110000"
284260142,"2880040446;2880040445;2880040443;2880040444;2880040446",false,true,0.010007157389739296,""
229258788,"2378798241;2378798242",true,false,0.009323564983472334,""
1005690315,"6088857541;9278923852",true,false,0.020177644289621547,"70000"
24926646,"252844664;270877532;270877533;270877534;293218247;293218277;293218019;293218018;293218016;293217827;293218666;267993319;1307334601;1066867992;267993317",true,false,3.3888839354242823,"110000"
115303625,"1303276648;1303276651;1303276680;1023520328",true,false,0.2637150414990927,"150000"
26565857,"291643924;291643929;291643976;291643973;291643971;291226545;291226544;291226543;291226542;291226541;291644096;291226539",true,false,4.037521259243333,"380000;110000"
1150803285,"10705300743;1025763492",true,false,0.04771466566788345,"110000"
88372944,"934809523;1026486334;1026486450;1026486397;1026486432;12043019071;1026486363;1026486434;1026486343;1026486417;1026486398;1026486346;1026486375;1026486332;1026486379;1026486431",true,false,6.001362067021441,"110000"
143069420,"292431363;1026492790",true,false,0.3702345864679731,"380000"
1088085418,"9969345656;9969345657;9969345658;9969345659",true,false,0.05665363030158492,"110000"
115337365,"8071414155;8071414161;1303562744;1303562774;1303562610;262766953",true,false,0.2424702120307366,"110000"
1119597547,"1529772034;10240147092;277106560;10240147087",true,false,0.04785271200192998,"110000"
115497640,"288989994;288989996;288989999;288990001;323101737;323101738;323101739;323101740;323101741;323101742;323101743;323101744;323101745;323101747;323101748;323101749;323101750;323101751;323101752;323101753;323101754;323101755;323101756;323101757;323101758;323101760;323101761;323101762;323101763;323101765;323101767;323101768;323101769;323101770;323101771;323101772;323101773;323101774;323101775",true,false,8.262280768042336,"110000"
1119544029,"10239765669;10239762508;10239765677;10239765678;10239765679;10239765739;10239765667",true,false,0.18024887550255855,"380000"
1150803260,"1207465155;1207898089",true,false,0.17955142086766365,"110000"
1150803270,"1207830299;10705257002;10705257003",true,false,0.02143333641401643,"110000"
26565860,"291643886;291643905;291643918;291643935",true,false,0.8518574327626459,"380000"
865957049,"262766956;8071414172",true,false,0.0968772122615247,"110000"
1151325267,"1304736197;10710776400;10710776401",true,false,0.02707763587248745,"110000"
1150803275,"9726256197;10705300717;10705300718;10705300719",true,false,0.03485050070957209,"110000"
1150803284,"1025763465;10705300738;10705300739;10705300740",true,false,0.025843604881557156,"110000"
1088085421,"7857081375;9969345666;9969345667;9969345668",true,false,0.028103760391986997,"110000"
115303629,"1303276700;1303276687;1303276670",true,false,0.030040090869278016,"150000"
677535111,"6343938508;6343938509;6343938510;6343938511",true,false,0.021099033097744576,"70000"
115300228,"1014114069;1303256026",true,false,0.0729530629052968,"150000"
77280697,"292431313;909817697;909817713",true,false,0.3054110445197944,"110000"
677531089,"6343938507;6343938511",true,false,0.020094855237910075,"70000"
842199273,"277101612;7857146031",true,false,0.10045656578487057,"110000"
865957046,"10240227955;10240227924;10240227954;8071414153;1303562761",true,false,0.10425531695950277,"110000"
1026219353,"9461602978;9461602986;9461602980",true,false,0.060350271254137965,"150000"
332633027,"605661076;3397822962;3394980811;3394980810;2457888168;292431122;292431123;292431124",true,false,1.8864819533619346,"110000"
1119597560,"10240168788;10240168814;10240168808;10240168787;10240168785;10240168818;10240168821;10240168790;10240168793;10240168789",true,false,0.08682332875537106,"110000"
80130031,"262795536;262795538;266515005;266515006;266515007;266515008;266515009;266515033;266515034",true,false,1.7594393299079079,"110000"
1151325272,"10710824723;1702522854",true,false,0.32431609722847754,"110000"
1300536020,"12046067033;12046067042",true,false,0.010565152119882406,"110000"
24270331,"262766951;262793709;262793717;262793722",true,false,0.8701690731849997,"110000"
229258786,"2378798230;2378798237",true,false,0.037226073612774864,"380000"
1119544025,"10239762506;10239765631;1023437861;10239762504;10239762501;10239765663;10239765664;10239765665;11697373659;11697373658;11697373657",true,false,0.3169449411585953,"380000"
1119597537,"10240168759;10240168760;10240168761;10240168762;10240168763",true,false,0.07538894636691276,"110000"
1151325244,"10710776357;10710776358;10710776359",true,false,0.03725398877572179,"110000"
1119597556,"10240168773;10240168771;277101666",true,false,0.25612265446557986,"110000"
80130019,"292431323;395886966;292431324;292431325;292431326;292431327;292431332;292431333;292431334;292431335;292431336;292431337;292431338;292431339;292431340;292431341;292431342;292431343;292431344;292431345;292431346;292431347;292431348;292431349;292431350;292431351;292431355;292431357;292431358;292431359;292431360;292431361;292431362;292431363",true,false,11.67964656044003,"380000;110000"
1150803281,"10705300730;10705300731;10705300732;10705300733",true,false,0.02890759707882933,"110000"
677533919,"1376135149;6343953166",true,false,0.02003237545951432,"70000"
162275035,"1013967580;1303248582",true,false,0.05945461473730753,"150000"
90134595,"1044936452;1044936537;1044936395;1044936650;1044936604;1253047780;1253047551;1253047651;1303562701;1253047613;1253047461;1253047664;1253047733;1253898157;1253047715;1303562588;1253047474;1303562662;1303562552;1253047545;1303562784;1253047509;1253047878;1253047813",true,false,5.2445627048742995,"110000"
23141257,"249879226;249879227;249879228;249879229;249879230;249879231;249879232;249879233;249879234;249879235;249879236;249879237;249879238;249879239;249879240;249879241;249879242;249879243;249879244;249879245;249879246;249879247;249879248;249879249;249879250;249879251;249879252;249879253;249879254;249879255;249879256;249879257;249879258;249879260;249879261;249879262;249879263;249879264;249879265;249879266;1303248588;1013936724;1013936722;1013967577;1013967580",true,false,11.401867848202194,"150000"
24270158,"262766956;262766958;262766959;262766962;262767286;262767287;262767288;262767289;262767500;262767501;262767502;262767519;262767520;262767521;262767550;262767552;262767578;262767579",true,false,4.289525428691228,"110000"
108377348,"1243707706;1243707771;1243707763;262767579",true,false,0.9050912965629544,"110000"
1119597553,"10240168735;2148378715;10240168736;277106740",true,false,0.04731754345582821,"110000"
842199267,"277106679;1529772034",true,false,0.10256910988084708,"110000"
469573197,"4638742880;4638742881;4638742882;4638742883;4638742884;4638742885;4638742886;6003484646",true,false,0.5292574077172906,""
1026219347,"9461602992;9461602989;1303256023",true,false,0.06766409483859673,"150000"
25426139,"277101675;277101678;277101677;277106550;277106553",true,false,1.2653339644749948,"110000"
1150692039,"10704248387;10704248388;10704248389;4951587994",true,false,0.043938199597863006,"110000"
1300426304,"11608125498;12045197313;12045197314;12045197315;11608125497",true,false,0.03561623899112811,"110000"
229258805,"925081604;8442749212;2378798391;2269888227",true,false,0.05243604740404585,"110000"
1119606394,"8071414167;10240227946;10240227944;10240227945",true,false,0.04754938108588054,"110000"
1300531683,"12046034154;4951587995;10704248394",true,false,0.030117928334601207,"110000"
1150803263,"7640486905;10705256987;10705256988;10705256989",true,false,0.02185489798109885,"110000"
34409260,"1026486407;1026486351;1026486338;1026486413",true,false,0.8471934744673592,"110000"
95346132,"1105781332;2378798234;2378798221;2378798206;1105781468",true,false,0.13649397952896714,"380000"
115300245,"1014114052;1014114067;1014097291;1014097290;1014097292;1014097294;1014097296;1014097293;1014097295;1014097297;1014097298;1013979547;1013979596;1013979609;1013979548;1013979571;1013979614;1013979595;1013979551;1013979615;1013979574;1013979598;1013979563;1013979602;1013979600;1013979576;1013979560;1013979565;1013979569;1013979552;1013979606;1013979605;1303248582",true,false,9.919613820486823,"150000"
677531088,"6343938510;6343938506",true,false,0.020005006951090323,"70000"
339428711,"1741882304;3466221489;1023520034",true,false,0.05868763607802401,"150000"
115432966,"1304247462;1304247397",true,false,0.04548931152940278,"110000"
115808257,"1307334587;10240168813;10240168807;1307334614;10240168786;10240168817;10240168822;1307334596;10240168792;1307334579",true,false,0.08703330166261475,"110000"
1088085425,"277101665;9969345676;10240168802",true,false,0.23284369435040464,"110000"
47596072,"605661053;605661061;605661066;605661071;605661082;605661076;1661047577;1661047576;1661047575;1661047574;1661047573;1661047572;1661047571;974008550;974008553",true,false,4.676336412116161,"380000;110000"
30316064,"291643924;291643899;291643873",true,false,0.49481013537418606,"380000;110000"
88061562,"1023448176;10239765790;10239765797;1023436553;10239765807;334245952;8109833681;8109833684;1023439948",true,false,0.05867112708009856,"110000"
162275039,"1741882182;1741882190;1741882192",true,false,0.057103443808684505,"150000"
473785977,"4678307389;4678302988;4678302985",true,false,0.017478178795260816,"110000"
1119544018,"10239765631;10239765632;10239765677;10239765633;10239765672;10239765652;10239765727;10239765785;10239765737;10239765641;10239765646;10239765709;10239765712;10239765716;10239765722;10239765777;10239765699;10239765704;10239765682;10239765690;10239765685;10239765626;10239765624;10239765771;10239765763",true,false,0.49714123683420924,"380000"
115303626,"1023520328;1303276678;1303276684;1303276674",true,false,0.2638429771496669,"150000"
1119597540,"10240147100;10240147101;10240147102;10240147103",true,false,0.051084346118402776,"110000"
1150649433,"10703906180;10703906181;10703906182",true,false,0.006978767318317726,"110000"
26565859,"291643878;291643903;291643921;291643933;291644010;291644008;291644007;291644005;291226554;291226553;291226550;291226548;291226546;291226555;291644127;291644128;291644130;291644131;291644133;291644135;291644140;291644144;291644150;392671435;390275444;390275445;392671438;392671441;392671447;392671450;392671453;392671456;392671458;392671460;392671463;392671465;392671467;392671470;392671476;392671479;392671482;392671484;392671487;392671491;392671495;392671497;392671498;392671499;392671500;392671501;392671502;392671503;392671504;392671505;392671506;392671507;392671508;392671509;392671510;392671511;1023440578;1023437344;1023454548;1023450956;1023439558;1023436127;1023453827;1023449931;1023446842;1023438797;1023435201;1023453213;1023449176;1023445839;1023437749;1023454779;1023451263;1023448362;1023440119;1023436731;1023445519;1023437468;1023454609;1023451036;1023448073;1023439839;1023436431;1023454030;1023450199;1023447161;1023439072;1023435511;1023453409;1023449416;1023446120;1023438075;1023451334;1023448445;1023440175;1023436813;1023454259;1023450558;1023447477;1023439333;1023435883;1023453640;1023449714;1023446532;1023438487;1023434955;1023453046;1023448937;1023437178;1023454460;1023450815;652444941;652444940;652444939;652444938;652444937;652444936;652444946;652444934;652444933;652444932;652444931;4987237984;652444930;652444929;652444928;652444927;652444945;652444925;652444924;652444923;652444922;652444921;11549926787;11549926789;652444920;652444919;652444918;652444917;652444944;652444915;652444914;652444913;652444912;652444911;652444910;652444909;652444908;652444907;652444906;652444905;652444904;652444903;652444902;5427318750;652444901;1180518271;652444900;652444899;652444898;652444897;652444896;652444895;652444894;652444893;652444890;652444889;652444886;652444877;652444876;652444870;652444864;652444859;652444853;652444943;652444836;652444830;652444823;652444816;652444810;652444806;652444942;652444789;1023448854;1023452990;12188954728;652444892",true,false,59.92123769535093,"380000"
143964351,"292431124;1575395544;10710758583;1561713508",true,false,0.07882341148891893,"110000"
71165025,"7857081365;1307334565",true,false,0.042296688187308445,"110000"
842193682,"1307334565;292431322;1307334607;1307334615;887183198;887183214;887183213;887183191;847234449;847234447;847234451;847234452;850290981;850290979;887183188;898217335;887183195",true,false,3.5687480597393515,"110000"
1119606388,"10240227964;10240227965;10240227966;10240227967",true,false,0.052486906071712955,"110000"
1150692041,"10704248398;10704248399;10704248400;10704248401",true,false,0.05641333661454059,"110000"
865957054,"8071414180;8071414181;8071414186;8071414192;8071414182;8071414191",true,false,0.050479935775705864,"110000"
1151325253,"291644111;10710776351",true,false,0.03335786225751685,"110000"
1119597546,"10240168742;10240168743;277106736;10240168744",true,false,0.038630875001800916,"110000"
500214521,"4913210503;4913210506;2240680196",true,false,0.014265228697862347,"110000"
1150803266,"10705256996;10705256997;10705256998",true,false,0.015664485910287917,"110000"
1300169465,"1026552368;12043001058",true,false,0.09899735208170804,"minor"
1119544057,"10239765803;291643873",true,false,0.13690119533054845,"110000"
1119544014,"10239762501;10239765661;10239765679;10239765658;10239765675;10239765655;10239765729;10239765782;10239765734;10239765644;10239765649;10239765710;10239765714;10239765719;10239765724;10239765774;10239765701;10239765707;10239765696;10239765693;10239765688;10239765629;10239762502;10239765768;10239765760",true,false,0.4964449470620729,"380000"
34095535,"1026486407;1307334590;1307334583;1307334574;736437212;736437223;390829592;390829591",true,false,2.0772136494222897,"110000"
142707623,"1304736268;10710758582;1561713510",true,false,0.027978467478957627,"110000"
1119597557,"277101628;10240168775",true,false,0.1652880360562369,"380000"
1151327602,"292431124;1561713503",true,false,0.03206436444039279,"110000"
906689899,"1868200554;8419399657;4913210503",true,false,0.011730732274509312,"110000"
1086615738,"9956393644;9956393645;3871605601",true,false,0.03979018880852059,"110000"
139885443,"266507446;266507444;266507443;266507441;266507439;266507437;266507435;266507433",true,false,1.9401364595302262,"110000"
1300531686,"4951587983;1542937310;10704248386",true,false,0.03020380319810838,"110000"
1119544024,"10239765640;10239765611;10239765652;10239765653;10239765654;10239765655;10239765742;10239765656",true,false,0.18013713189502473,"380000"
115295352,"1013936726;1013936723;1013967580",true,false,0.05824925800272369,"150000"
140934876,"1542937332;4951587991;10704248401;1542937311;12045352568;10704248385;10704248388;10704248386;9945026636;10704248390;1542937308;10704248393;10704248396;10704248394;1542937305",true,false,0.09690106470402478,"110000"
870598505,"10239765806;334245952;8109833685",true,false,0.0704388120379912,"110000"
842193685,"10703906171;7857081379;7857081380;255861270",true,false,0.08486161894812526,"110000"
1150649435,"10703906189;10703906190;10703906194;10703906191;262767280",true,false,0.14075469805758156,"110000"
1300443937,"1026486328;12045396276;12045352567",true,false,0.1231311658606118,"110000"
677531082,"1489385754;6343938493;6343938507",true,false,0.23391530060325316,"70000"
1448688309,"13291260259;13291260260;13291260258;13291260249;13291260252",true,false,0.02248268940352075,"110000"
229258790,"2378798214;2378798227",true,false,0.03754725894719995,"380000"
26661873,"390829591;934809569;934809570;934809572;1307334612;1307334566;1307334594;1307334603;1307334598;1307334593;1307334586;1307334602;934809578;1307334611;1307334608;934809574;292431328;292431329;292431330;292431331;934809536",true,false,5.078015074573202,"110000"
677533917,"6343953163;6343953159",true,false,0.02088662451782483,"70000"
1026219349,"9461602987;9461602993;9461602988;9461602975;9461602971;9461602970;9461602992;9461602983;9461602978;9461602985",true,false,0.15844152369767414,"150000"
162275026,"1741882281;1303276670;1303276698;1741882276;1303276645;1741882274;1741882264;1741882246;1303276648;1741882228;1303276674;1741882216",true,false,0.12476484247098428,"150000"
1119597542,"10240168711;10240147107;10240168712;10240147108",true,false,0.050702328025628164,"110000"
1300443939,"12045352568;12045396269;12045396270;13252083603;13252083604;13252083605;13252083606;12046047576",true,false,0.16152808426306353,"110000"
473785974,"1304247439;1304247350;1304247461;1304247388;1304247384;1304247476;1304247417;1304247300;1304247415;1304247299;1304247438;1304247349;1304247330;1304247455;1304247378;1304247475;1304247470;1304247278;1304247426",true,false,5.712339369045668,"110000"
1026219343,"9461602990;9461602983;9461602981",true,false,0.07172323173193863,"150000"
505140335,"423215696;4951587999",true,false,0.14074655823580545,"380000"
1449967807,"13299015842;13299015843;13299015844;13299015849;12046067050",true,false,0.04194070110834608,"110000"
26919944,"1045022088;293922300;293922295;1304736205;293922289;1304736285;293922285;11002914084;293922284;293922283;293922282;293922281;292431097;292431099;292431094;292431085;292431086;292431088;292431090;292431092;292431083;292431080;292431079;288776522;288776518;288776491;2136769585;288989980;288989981;288989983;288989986;288989988;288989989;288989992;288989994",true,false,7.195719568386508,"110000"
1300169466,"1026552368;12043001059",true,false,0.09922612026930608,"0"
636647756,"6003483527;6003483526;6003483525",true,false,0.061572809089932436,"20000"
1151327604,"10710758589;10710758588;10710758587;10710758586;1045022124;1045022130",true,false,0.13253240021129606,"110000"
83641963,"974008553;291644100",true,false,0.3474851952884119,"380000"
1085332527,"9944993309;12045197316;6508998304",true,false,0.1032497690161823,"110000"
1151325252,"10710776372;10710776373;1045022058",true,false,0.03698166304881396,"110000"
139541490,"267226825;267226824;267226823;267226822;267226821",true,false,1.2639466435720867,"380000;110000"
26793512,"1045022132;294985867;294985866;1045022070;294985865;9543331340;294985863;1045022065;1045022088",true,false,1.2413405430198798,"110000"
1119544053,"10239765796;10239765797;10239765798;10239765799",true,false,0.07045156797063414,"110000"
115808250,"257879605;257879598;258388489;258388511;258388553;267993317",true,false,1.1626310026996385,"110000"
1026219350,"9461602994;9461602980",true,false,0.01689850276808326,"150000"
229258797,"2378798204;2378798206;11741245443;2378798214",true,false,0.05071559560065864,"380000"
1119544051,"10239765788;10239765791;10239765795;10239765796;10239765801;10239765806;10239765810;10239765805;10239765789",true,false,0.058776349853584334,"110000"
1085332532,"9945026632;9945026633;9945026634",true,false,0.07561969291377113,"380000"
1300536023,"9969345653;9969345654;9969345655",true,false,0.018417487132367513,"110000"
1026219346,"9461602975;9461602984;1303256026",true,false,0.06766429288136452,"150000"
1119544020,"10239765731;10239765744;10239765734;10239765735;10239765736;10239765737;10239765732;10239765733;10239765641;10239765642;10239765643;10239765644;10239765745;10239765645",true,false,0.3247117544377651,"380000"
115337369,"1091410596;1091410606;1091410614;1091410609;1091410604;1207465169;1207465156;1207465158;1207465168;1207465161;1207465149;1207465163",true,false,3.1645470193411267,"110000"
229258787,"2378798233;2378798235",true,false,0.00906270555952505,""
1026219348,"1014114051;9461602993;9461602973",true,false,0.06936852391179123,"150000"
1151327603,"10710758583;10710758584;10710758585",true,false,0.027146034007788044,"110000"
1300531692,"12046034164;12046034165;12046034166;12046047582;12046047594;12046047588;12046034167",true,false,0.23249206778624337,"380000"
909772766,"292431313;292431314;292431315;292431316;292431317;292431318;292431319;292431320;292431321;292431322;292431323",true,false,3.4785935520602562,"380000;110000"
1151325258,"10710776380;10710776381;10710776382",true,false,0.037302832309829684,"110000"
88715835,"1026486431;1029839302;292431365",true,false,0.4705230678313071,"110000"
143069423,"292431363;292431364",true,false,0.37991515666405334,"380000;110000"
1300536013,"909817713;12046067032",true,false,0.08052454711086268,"110000"
25426566,"277101671;1307334582;277106539;10240168769;3118132930",true,false,0.2566902450912631,"380000"
677531087,"6343938509;6343938505",true,false,0.019981298113041668,"70000"
26523283,"1025763465;1025763563;1025763497;1025763426;1025763437;1025763530;1025763463;1025763555;1025763484;1025763580;1025763424;1025763526;1025763460;1025763554;1025763481;1025763578;1025763535;1025763487;1025763581;1025763505;1025763440;1025763534;1044936482;1044936441;1044936367;1044936542;1044936628;1044936562;1044936534;1044936578;1044936487;1044936655;1044936627;1044936325;1044936400;1044936474",true,false,8.697669382732876,"110000"
1263739839,"11741245445;11741245446",true,false,0.019195443166327854,"380000"
116662427,"1026486431;423213759",true,false,0.44626113063466005,"110000"
1119544055,"8109833685;10239765800",true,false,0.006452774430415676,"110000"
1263739838,"11741245443;11741245444",true,false,0.019891706107064977,"380000"
842199271,"7857146036;277101612",true,false,0.08890471794240781,"110000"
1151325271,"10710824718;10710824719;10710824720;1783708486",true,false,0.029503753516862026,"110000"
42498241,"323101775;323101776;323101777;323101778;323101779;323101780;323101781;323101782;323101783;323101784;323101785;323101786;323101787;323101788;323101789;323101790;323101791;323101792;323101793;2136764023;323101794;2136764022;323101795;323101796;323101797;323101799;2136764019;323101800;323101802;323101803;323101805;323101807;323101809;323101811;1025763428",true,false,6.6411371466054465,"110000"
115432998,"1304247434;9956393656;9956393657;1304247404;1304247315;9956393663;9956393665;1304247399",true,false,0.07623800043128781,"110000"
865957056,"8071414190;8071414183;8071414193;8071414187;8071414184;8071414185",true,false,0.049151856453395634,"110000"
1150803280,"10705300727;10705300730;10705300734;10705300739;10705300741;10705300729;10705300728",true,false,0.05776593897633803,"110000"
473785978,"4678302987;4678307393;4678307394",true,false,0.019807953747305047,"110000"
88061628,"8109833686;291643873",true,false,0.13365362505612227,"110000"
88818108,"267227074;267227081",true,false,0.3694683545587769,"110000"
1119544022,"10239765638;291643878",true,false,0.1658514128601625,"380000"
391648756,"291226539;291226536;291226537;291226538;291226540;291644100",true,false,2.0406998358721475,"380000;110000"
1119544043,"10239765721;10239765616;10239765722;10239765636;10239765723;10239765724;10239765750;10239765725",true,false,0.17587892332236021,"380000"
67022578,"1025763428;1025763412;1025763432;435772479;1025763469;1025763540;2136759377;435772482;2136759383;1025763471;2136759380;435772274;1025763567;1025763492",true,false,2.6947113833147824,"110000"
1150803277,"282414885;1044936511;1044936661;10705300720",true,false,0.0752662857876947,"110000"
204863394,"277106740;277106684",true,false,0.09422925506046231,"110000"
449251359,"2951323037;249855479;60706225;12045471794;249857082;249857083;249857084;249857085;60706226;249857086;249857087;249857088;249857089;249857090;249857091;249857092;249857093;249857094;249857095;249857096;249857097;249857098;249857099;249857100;249857101;249857102;249857103;249857104;249857106;249857107;249857108;249857109;249857110;249857111;249857112;249857113;249857114;249857115;249857116;249857117;249857118;249857119;249857120;249857121;249857122;249857123;249857124;1013936725;1013936726",true,false,13.978922916984752,"150000"
585190575,"5592724333;5592724331;5592724330;5592724329;5592724333",false,true,0.009182388122972257,""
115808258,"277101628;277101626;277101621;277101618;277101616;1030677861;1030677864",true,false,1.7447896315215405,"380000"
1026219341,"9461602979;9461602988;9461602991",true,false,0.07172358107444865,"150000"
1086615744,"9956393660;9956393661;9956393662;9956393663",true,false,0.056060439644473506,"110000"
204863391,"1030677852;277101612",true,false,0.09620327177227844,"110000"
1119597549,"7857146031;10240168726;10240168728;7857146032;10240168727",true,false,0.0481001805027213,"110000"
115432995,"266507433;266507431;249090343;249090330;249090327;248752968;248752945;248752944;248704797;248703749;248751180;248702494;248751229;195667903;195639876;248753166;255861273;255861272;255861271;255861267;255861268;255861269;255861270",true,false,6.141772259404564,"110000"
36272144,"1542937342;423215696",true,false,0.12495327726062785,"380000"
1119544039,"10239765703;10239765619;10239765704;10239765705;10239765706;10239765707;10239765752;10239765708",true,false,0.17634600936154005,"380000"
1119597566,"10240168816;10240168824",true,false,0.014251529196788576,"110000"
1150649441,"10703922108;10703922109;10703922110;10703922111",true,false,0.037390544822778135,"110000"
1150803286,"1025763492;4338546554",true,false,0.05087408692131422,"110000"
1151325231,"10710776335;10710776336;10710776337;10710776338",true,false,0.03765618226635427,"110000"
1151325247,"10710776369;10710776370;10710776371",true,false,0.03738759202898278,"110000"
339428709,"1023520034;1741882292;1741882300",true,false,0.05729825393980087,"150000"
1151325249,"293922305;10710776377",true,false,0.04356494777543873,"110000"
865957051,"8071414150;8071414163;1303562816;1303562732;262793723;262766951",true,false,0.25826870155873305,"110000"
229258806,"925081604;8442749211;1105781408;2269888233",true,false,0.05291116503245874,"110000"
505137255,"423215696;423215143;423214651;423211711;423211752;423213001;423213377;423213806;1026492787;1026492790",true,false,3.431264245701872,"380000"
88818114,"479809958;479809962;1030677856;763426726;1030677859",true,false,0.6855305397587717,"110000"
1150649436,"10703906199;1243707739;10703906196;1243707706",true,false,0.08966417846733399,"110000"
1150803268,"10705257000;1207465155",true,false,0.1674832355526704,""
1300536021,"12046067043;12046067044;12046067045",true,false,0.01940325903623402,"110000"
1150803267,"10705256999;1207465155",true,false,0.16665650688157188,""
1119606385,"10240227935;10240227936;10240227937;10240227938;10240227939;10240227940;10240227941;10240227942;10240227943",true,false,0.09826944471339805,"110000"
88061781,"1023437861;8109833676;8109833677;10239765673;10239765653;1023447266;10239765784;10239765736;10239765642;10239765647;1023439156;1023454109;10239765717;10239765636;10239765776;1023450359;10239765705;1023449515;10239765691;10239765686;10239765627;1023454837;10239765770;10239765762",true,false,0.49653879263026574,"380000"
505137244,"4951587986;4951587995;10704248395;4951587975;10704248392;4951587976;10704248391;1542937310;10704248387;1565625941;12045396269;10704248398;10704248403;10704248402;4951587981",true,false,0.09690535035518438,"110000"
1151325233,"323105401;10710776339",true,false,0.06865725750056169,"110000"
88061692,"1023434854;1023452970;1023448793;1023440545;1023437279;1023454525;1023450895;1023447906;1023439691;1025763430;1025763565;1025763489;1025763585;1025763510;1025763443;1025763538;1025763466;1025763566;1025763588;1025763511;1025763447;1025763539;1025763467;1025763494;1025763415;1025763514;1025763450;1025763542;1025763475;1025763569;1025763499;1025763503;1025763524;1025763458;1025763552;1025763478;1025763576;1025763434;1025763553;1025763459;1025763525;1025763421;1025763532;1025763523;1025763457;1025763544;1025763477;1025763428",true,false,11.992153460317398,"110000"
636647782,"4638742887;4638742888;6003484639;6003484640;6003484641;6003484642",true,false,0.25601560737209333,""
229258781,"2378798224;2378798233",true,false,0.0373988495970036,"380000"
842199272,"277101612;7857146035",true,false,0.09190549882066473,"110000"
229258777,"2378798237;2378798239",true,false,0.009185958475472997,""
115808254,"277101628;1307334563;1307334599;277101630;1307334582;277101640;1307334571;277101642;606378158",true,false,1.459782758539665,"380000"
162275030,"1741882192;1741882206",true,false,0.24486279763575144,"150000"
28872586,"1358087740;266621666;266621668;267231846;267231848;267231849;267231855;267231856;267231857;267231858;267231860;269372627;269372629;495290569;495481900;1207830277;1207830161;1207830197;1207830299",true,false,3.9804749948534566,"110000"
139551760,"1030677864;277101610",true,false,0.10968485519816394,"380000"
865957047,"8071414168;262766956",true,false,0.10311829595688282,"110000"
115337337,"1303562558;10240227958;10240227961;10240227985;8071414169;10240227966;8071414170;10240227980;10240227970;262794396;10240227942;1303562802;10240227936;8071414151;10240227924;10240227944;8071414156;10240227950;1303562623;1303562674",true,false,0.13477837869164072,"110000"
141045467,"1026486328;1026486364",true,false,0.12989146119374684,"110000"
1119597543,"10240168723;10240168715;10240168720;10240168716",true,false,0.05056180477962319,"110000"
1300536028,"13299015834;7857081354;13299015835;7857081353",true,false,0.05133799308043223,"110000"
26661869,"1561713503;1561713510;1561713506",true,false,0.045971897975690984,"110000"
1150803283,"1025763531;4338546556;1025763465",true,false,0.026533693647601414,"110000"
1119597563,"10240168809;10240168810;10240168811;10240168812;10240168813;10240168814",true,false,0.03803295300681357,"110000"
1005690318,"9278923850;6088857541",true,false,0.02398924076068951,"150000"
1119597541,"10240168764;277106579;10240147106",true,false,0.050514391705828006,"110000"
1119597551,"7857146035;10240168732;7857146034;10240168731",true,false,0.04791404158238589,"110000"
842199270,"277101612;277101652;277101654;277101661;277101663;277101665;277101666;277101668",true,false,1.854581050372502,"110000"
115337341,"277101647;277101645;267227082;267226825",true,false,0.8458626777944372,"110000"
229258791,"291644081;2378798218",true,false,0.12610312139256277,"380000"
1086615743,"9956393657;9956393658;9956393659;270675052",true,false,0.08012892978504166,"110000"
1151325232,"323105401;10710776325",true,false,0.06926281232436377,"110000"
1150649431,"10703906173;10703906174;10703906175;10703906176",true,false,0.037071389525698946,"110000"
1085332529,"6508998319;9945026619;9945026620;9945026621",true,false,0.1362845107727092,"110000"
24507401,"266515980;266515982;10703906169;1304247478",true,false,0.10094965056622066,"110000"
1151325270,"10710824715;10710824716;10710824717;1783708489",true,false,0.02919272698556228,"110000"
1300536026,"13299015845;12046067046;12046067047;12046067048",true,false,0.02676754750895026,"110000"
143069417,"1026492790;292431364",true,false,0.03606879299794924,"110000"
1448688312,"422004727;13291260256",true,false,0.03018736990400512,"110000"
1448688311,"13291260247;267226821",true,false,0.029466384652559695,"110000"
115497648,"277106560;2148378709;7857146032;2148378711;7857146034;7857146033;2148378715;2148378717;2148378719;2148378713;1304736190;10240168746;277106736;10240168752;10240168757;277101649;277106582;10240168760;10240168715;10240168767;2148378704;10240147107;277106579;10240147101;277718158;1535115444;277106570",true,false,0.24536920485771793,"110000"
1086615751,"9956393682;9956393683;9956393684;9956393685",true,false,0.022096308361813116,"110000"
1119544035,"10239765634;10239765620;10239765682;1023449515;10239765695;10239765696;10239765753;10239765697",true,false,0.17654216967874875,"380000"
229258798,"2378798218;2378798221;11741245445;2378798230",true,false,0.05050479146288501,"380000"
619155438,"1751155515;5851312534;5851312535;1751155514;1751155515",false,true,0.019141069106177737,""
33679407,"1023436840;1023440227;1023448528;1023452734;1023454872;1023437944;1023446011;1023449267;1023453286;354936602;323113530;323113528;323113526;323113525;323113523;323113521;323113519;323113517;323113515;323113512;323105417;323105416;323105415;323105414;323105413;323105412;323105411;323105398;323105399;323105400;4429197642;323105401",true,false,9.490767667677085,"110000"
115337394,"1358087740;1358087735;1358087729;262767283;262767282;262767281;262767280",true,false,2.111898112774345,"380000;110000"
204863392,"1304736257;2148378700;2148378702;10240168713;2148378704;10240168714",true,false,0.17001286808467134,"110000"
1151325245,"10710776360;10710776361;10710776362",true,false,0.037945567071243594,"110000"
1119597536,"10240168754;10240168755;10240168756;10240168757;10240168758",true,false,0.07609489818570446,"110000"
24507310,"262795531;262795534;262795536",true,false,0.35259213042398085,"110000"
25426569,"277101673;1307334563;277106544;10240168774;3118132932",true,false,0.23789139226931133,"380000"
1300531694,"12046047570;12046047571;12046047572;12046047584;12046047596;12046047590;12046047573",true,false,0.231078313631535,"380000"
25045968,"272476353;272476354;272477783;272476356;272477784;272475983;272476358;272476359;272476360;272476361;272476362;272476363;272476365;272476367;282414872;282414612;282414873;282414614;282414615;282414874;282414617;282414875;282414619;282414620;282414621;282414876;282414623;282414877;282414625;282414879;282414628;282414880;282414630;282414881;282414882;282414883;282414634;282414884;282414636;282414885",true,false,8.292157743408719,"110000"
27041886,"204742784;366085141;366085123;366085121;366085099;164901295;189188764;189191390;1097720734;181307208;1304247442;178237560;366085191;366085210;366085218;366085320;366085329;366085363",true,false,4.19876057713079,"110000"
24507404,"266515990;266515993;7857099192;10703906170;1304247386",true,false,0.1254036529838761,"110000"
1150692044,"8511349392;10704274507",true,false,0.02327050046034152,"110000"
1300169469,"12043001068;12043019069;12043019071;12043019070",true,false,0.09183022211754485,"110000"
1119606386,"10240227957;10240227958;10240227959;8071414165",true,false,0.04755015946387119,"110000"
115432968,"206090448;204742784",true,false,0.049243176743180836,"110000"
1086615742,"9956393654;9956393656;9956393655;252844664",true,false,0.049534885592996916,"110000"
1300536018,"10839483802;12046067040",true,false,0.006994435795275146,"110000"
36139025,"267226821;267226815;267226814;267226807;267226805;267226802;266620355;266620357;266620553;266620554;266620555;266620557;266620847",true,false,3.6083636348723176,"380000;110000"
1119597544,"10240168722;277106582;10240168721;2148378706",true,false,0.05087547198849327,"110000"
1300536027,"887183211;13299015838;13299015836",true,false,0.02558669403397285,"110000"
619163069,"5851358384;5851358785;5851351890;5851358786;5851358384",false,true,0.03743599143588337,""
139541488,"277101668;277104632;1307334597;277104648;606378158",true,false,1.271907224287346,"110000"
115337342,"1303562761;8071414154;1303562656;8071414145;262793725;262766953",true,false,0.20855711593880494,"380000"
25426568,"277101628;277106542",true,false,0.16305093045275917,"380000"
26793513,"1045022088;293922301;293922302;1045022091;293922303;293922304;293922305",true,false,1.5496253533274529,"110000"
104684366,"1207484448;6343938488;6343934183;6343938486;6343934182",true,false,0.05095950774293638,"70000"
870598500,"2269888183;10239762507;10239765632;8109833676;10239765660;10239765661;10239765738;10239765662",true,false,0.19790365715597258,"380000"
870598502,"8109833681;10239765810;8109833680;8109833679;8109833678;2269888182",true,false,0.15314151855374514,"110000"
1119597548,"10240168725;2148378709;10240168724;1529772045",true,false,0.0476161993088278,"110000"
909772779,"934809546;1026486335;1026486388;1026486353;1026486408;1026486406;934809523",true,false,1.9466636357929683,"110000"
1150803272,"10705300708;10705257003;10705300709;10705300710;10705300711",true,false,0.04474936789118428,"110000"
1150803287,"10705300741;10705300742;10705300743",true,false,0.03450909646614668,"110000"
1448688307,"13291260265;13291260260;13291260263;13291260262",true,false,0.03155159215316984,"110000"
1150692037,"10704248378;10704248380;10704248381;10704248382;10704248379",true,false,0.07992048313749026,"110000"
1119606397,"8071414149;10240227932;10240227931;8071414151;10240227934",true,false,0.065238892823732,"110000"
90776389,"1053726703;1314649265;1053726706",true,false,0.1779027206263051,"110000"
1119544046,"11741245438;10239765759;10239765626;10239765627;10239765628;10239765629;10239765756;10239765630",true,false,0.22186259262665184,"380000"
162275043,"1023519273;1741882278;1741882275;1741882274",true,false,0.27079255024464705,"150000"
162275031,"1741882268;1741882264;1741882239;1741882210;1741882259",true,false,0.2671176630320544,"150000"
1119606389,"10240227968;10240227969;10240227970;10240227971",true,false,0.05209740604520551,"110000"
1119606393,"10240227978;10240227983;10240227977;10240227974;8071414170;10240227956;8071414171",true,false,0.07262798810176994,"110000"
1119606395,"10240227951;10240227950;10240227952;8071414168",true,false,0.04762189393621113,"110000"
123384135,"1376135019;1376135017;9278923854",true,false,0.03379694122484572,"70000"
1300531696,"12046047577;12046047587;12046047593;12046047581;12046047578;12046047579",true,false,0.14883499847107481,"380000"
578137667,"11697373661;11697373662;11697373663;11697373664;5540437024;5540437023;5540437022;5540437021;5540436920;5540436919;5540436916;5540436918;5540436917;5540436915;5540436914;5540436913;5540436912;5540436911;5540436910;5540436909;5540436908;5540436907;5540436906;5540436905;5540436904;5540436903;5540436902;5540436901;5540436900;5540436899;5540436898;5540436897;5540436896;5540436895;5540436892;5540436893;5540436894;5540436891;5540436890;5540436889;5540436888;5540436887;5540436886;5540436885;5540436884;5540436883;5540436882;5540436881;5540436880;5540436879;5540436878;5540436877;5540436876;5540436875;2124131683;5540436874;5540436873;5540436872;5540436871;5540436870;5540436869;5540436868;5540436867;5540436866;5540436865;5540436864;5540436863;5540436862;5540436861;5540436860;5540436859;5540436858;5540436857;5540436856;5540436855;5540436854;5540436853;5540436852;5540436851;5540436850;5540436849;5540436848;5540436847;5540436846;8586534059;5540436845;8974728300;5540436844;5540436843;8996396581;8996396583;8996396584;8996396582;8996396580;8996396579;8996396578;5540436842;8996396577;8996396576;8996396575;8996396574;8996396593;8996396586;8996396585;5540436840;5540436838;5540436839;5540436837;5540436836;5540436835;5540436834;5540436833;5540436832;5540436831;5540436830;5540436829;5540436828;5540436827;5540436826;5540436825;5540436824;5540436823;5540436822;5540436821;5540436820;5540436819;5540436818;5540436817;5540436816;5540436815;5540436814;5540436813;5540436812;5540436811;5540436810;5540436809;5540436808;5540436807;5540436806;5540436805;5540436804;5540436803;5540436802;5540436801;5540436800;5540436799;5540436798;5540436797;5540436796;5540436795;5540436794;5540436793;5540436792;5540436791;5540436790;5540436789;5540436788;5540436787;5540436786;5540436785;5540436784;5540436783;5540436782;5540436781;5540436780;5540436779;5540436778;5540436777;5540436776;5540436775;5540436774;5540436773;5540436772;5540436771;5540436770;5540436769;5540436768;5540436767;5540436766;5540436765;5540436764;5540436763;5540436762;5540436761;5540436760;5540436759;5540436758;5540436757;5540436756;5540436755;5540436754;5540436753;5540436752;5540436751;5540436750;5540436749;5540436748;5540436747;5540436746;5540436745;5540436744;5540436743;5540436742;5540436741;5540436740;5540436739;5540436738;5540436737;5540436736;5540436735;5540436734;5540436733;5540436732;5540436731;5540436730;5540436729;5540436728;5540436727;5540436726;5540436725;5540436724;5540436723;5540436722;5540436721;5540436620;5540436619;5540436618;5540436617;5540436616;5540436615;5540436614;5540436613;5540436612;5540436611;5540436610;5540436609;5540436608;5540436607;5540436606;5540436605;5540436604;5540436603;5540436602;5540436601;5540436600;5540436599;5540436598;5540436597;5540436529;5540436528;5540436527;5540436526;5540436525;5540436524;5540436523;5540436522;5540436521;5540433320;8501588386;5540433319;5540433318;5540433317;8501588384;8501588398;8501588385;8501588401;8501588402;8501588403;8501588404;8501588399;8501588400;8501588408;8501588409;8501588405;8501588388;8501588406;8501588407;8501588390;8501588391;8501588394;8501588395;8501588389;8501588396;8501588392;8501588393;8501588397;8501588412;3277638102;5540433314;5540433315;5540433313;5540433312;5540433311;5540433310;5540433309;5540433308;5540433307;5540433306;5540433305;8501588411;8501588410;5540433304;5540433245;5540433246",true,false,42.673680502475335,"320000"
162275047,"1741882206;1741882208;1741882219;1741882228;1741882230",true,false,0.2804519369569932,"150000"
162275038,"1741882177;1741882186;1741882192",true,false,0.05908656846759995,"150000"
1300531690,"1026486345;1542937308;10704248392",true,false,0.0348365305633559,"110000"
677531086,"6343938504;6343938508",true,false,0.01995491572202258,"70000"
1119544015,"10239765761;10239765769;10239762503;10239765628;10239765687;10239765692;10239765695;10239765706;10239765700;10239765775;10239765723;10239765718;10239765713;10239765648;10239765643;10239765735;10239765783;10239765728;10239765654;10239765674;10239765657;10239765678;10239765660;10239762504",true,false,0.49657876018524927,"380000"
1086615750,"9956393678;9956393681;9956393679;9956393680",true,false,0.02192784960266056,"110000"
1119606387,"10240227960;10240227961;10240227962;10240227963;8071414166",true,false,0.04907267383257613,"110000"
229258784,"2269888184;2378798222",true,false,0.008852053854567143,""
1150803262,"7640486904;10705256984;10705256985;10705256986",true,false,0.021355763173089674,"110000"
1086615740,"9956393649;9956393654;9956393658;9956393650;9956393651;9956393662;9956393664;9956393652",true,false,0.07624085456672815,"110000"
1119544021,"10239765638;10239765612;10239765646;10239765647;10239765648;10239765649;10239765746;10239765650",true,false,0.17528609902863576,"380000"
109451927,"1253047813;1253047614;1253047573;1253047903;1253047848;1253047453;1253047721;1253047697;1253047746;1253047510;1253047610;1253047681;1253047736;1253047499;1253047579;1253047464;1253047517;1253047797;1253047861;1253047542;1253047640;1253047755;1253047822;1253047855;1253047460;1253047731;1253047793;1253047701;1253047686",true,false,6.193317698394545,"110000"
36272099,"423213759;423213684;423213314;423212791;423208392;423214936;423215279;423215611;423216175;1026486328",true,false,3.3284185739642225,"110000"
842199269,"277106684;277106739",true,false,0.08808255866525339,"110000"
1119597534,"277106553;10240168741;10240168742",true,false,0.21284345308577837,"110000"
1150803274,"9726256196;10705300714;10705300715;10705300716",true,false,0.03564715757221859,"110000"
842199268,"277106684;480296245;1030677842;480296300;1030677859",true,false,0.7841657422554374,"110000"
1119597528,"10240147099;277718159;277718160;277718165",true,false,0.2513446888874368,"110000"
79174486,"925081609;1105781381;1105781425;1105781278;1105781318;1105781216;1105781423;1105781302;1105781379;1105781277;1105781247;1105781477;1105781416;1105781238;925081600;925081607;1105781443;1105781356;925081602;1105781293;925081604",true,false,4.829034523254894,"110000"
1150649444,"10703922115;10703922116;10703922117;10703922118",true,false,0.03883729366198987,"110000"
88061749,"1023448757;10710776327;323105402;10710776340;10710776344;10710776331;10710776348;323105410;10710776335;1023440467",true,false,0.05656323476449838,"110000"
865957055,"8071414189;8071414187;8071414201;8071414197;8071414198;8071414186;8071414188",true,false,0.07470164248374027,"110000"
1150649442,"10703922112;10703922113;10703922114",true,false,0.03587949994968868,"110000"
26593933,"291643844;291643849",true,false,0.2571477225086183,"380000"
1005690319,"9278923856;9278923854;9278923853;9278923852;9278923851;9278923855",true,false,0.061003949069724464,"70000"
1005690320,"1376135019;9278923857;9278923853",true,false,0.030867422640999398,"70000"
842199266,"277106679;480296243;277101614;480296302;1030677855",true,false,0.8267803624207027,"110000"
115337386,"1207465163;1207465154;1207898108;1207898138",true,false,0.677661142979285,"110000"
865957061,"1091410618;1091410603;1091410593;1091410596",true,false,0.2446592663236093,"110000"
1151325250,"293922305;10710776380",true,false,0.0379904478340196,"110000"
207810072,"10704274515;10704274514;2180587042;345611692",true,false,0.06455852269112865,"110000"
1119544030,"10239765634;291643896",true,false,0.13666552108289895,"380000"
1088085419,"9969345652;9969345660;9969345661;9969345662",true,false,0.034797999945472356,"110000"
1150803273,"10705300712;10705300716;10705300725;10705300719;10705300721;10705300720;10705300713",true,false,0.06434204198602451,"110000"
1119544028,"10239765670;10239765610;10239765672;10239765673;10239765674;10239765675;10239765741;10239765668",true,false,0.18088651176646597,"380000"
909772783,"8447141842;8447141843;8447141831",true,false,0.05317730001735252,"110000"
1119544016,"10239762506;10239762507;10239762508;10239765609;10239765610;10239765611;10239765726;10239765786;10239765612;10239765613;10239765616;10239765617;10239765618;10239765619;10239765620;10239765621;10239765622",true,false,0.4165390581933397,"380000"
1244629381,"11569713976;11569713975;11569713974;11569713973;11569713972;11569713971;11569713970;11569713969;11569652658;11569652668;11569652667;11569652657;11569652666;11569652665;11569652664;11569652663;11569652662;11569652661;11569652660;11569652659",true,false,0.9045453251244324,"5000"
143069429,"292431365;292431366;292431367;292431368;292431369;292431370;292431371;292431372;292431373;292431374;292431375;292431376;292431377;292431378;292431379;292431380;292431381;292431382",true,false,6.577451997535688,"380000;110000"
115303628,"1741882222;1303276684;1741882230;1303276651;1741882262;1741882268;1741882275;1303276683;1741882277;1303276694;1303276673;1741882280",true,false,0.11244668584028629,"150000"
648569074,"1376135133;1376135138;1376135141;1376135145;1376135146",true,false,1.5052392203450367,"70000"
128505245,"8071595621;8071595625;8071595624;1420033387;1044936474",true,false,0.05212351410347361,"110000"
1150803264,"7640486906;10705256990;10705256991;10705256992",true,false,0.02134283754413186,"110000"
140934860,"1026486413;1026486446;1026486392;473496121;395235573;395235576;473496094;388471320;387696222;387696220;387696221",true,false,3.421989774626017,"110000"
1119544049,"10239765773;10239765774;10239765775;10239765776;10239765777;10239765617;10239765778",true,false,0.1756698007613437,"380000"
1151325238,"10710776339;10710776340;10710776341",true,false,0.027188419695634927,"110000"
283238226,"2871327301;2871327199;2871327200;2871327197;2871327196;2871327198;2871327301",false,true,0.04292752345823858,""
1086615748,"257879605;9956393674;9956393673;9956393672",true,false,0.028794456048793014,"110000"
33537140,"277718165;277718166;277718167;1303562801;1303562713;277718168;370642084;380246545;380246555;380246591;337813105;337775087;366560331;366560328;366560334;366560326;366560324;366560322;366560319;345611650;345611692",true,false,3.711359566494521,"110000"
115432991,"1304247483;9956393635;206090448",true,false,0.06366106906018064,"110000"
1119606383,"10240227925;10240227949;10240227952;10240227947;10240227946;10240227955;10240227934;10240227937;10240227933;10240227941;10240227971;10240227979;10240227956;10240227967;10240227972;10240227984;10240227962;10240227959;10240227926",true,false,0.1349778291314751,"110000"
1258237605,"291643849;10239765668",true,false,0.05934780977628123,"380000"
116662429,"1026486422;1026486345",true,false,0.17361303609202894,"110000"
1300536015,"12046067034;12046067039;12046067040;12046067035",true,false,0.03246219227632917,"110000"
1026219345,"9461602977;9461602987;9461602982",true,false,0.07172376610696582,"150000"
618904249,"5849489282;5849489283;5849489284;5849489685;5849489282",false,true,0.012972159203134851,""
1119544017,"10239765623;10239765757;10239762502;10239762503;1023454837;10239765624;11741245439;11741245440;11741245438",true,false,0.2961808009646688,"380000"
1026219352,"9461602972;9461602970;9461602974",true,false,0.07172337134700979,"150000"
104682048,"1207465163;1207465172;1207465155",true,false,0.6553404449246577,"110000"
1151325254,"291644111;10710776357",true,false,0.031178056731927837,"110000"
1085332530,"12046047592;12046047593;12046047594;12046047595;12046047596;9945026626;9945026625;9945026624;9945026623;9945026633;9945026622",true,false,0.1546015404787391,"380000"
1151325255,"291644111;10710776360",true,false,0.03167140579580132,"110000"
1119544038,"10239765698;10239765618;10239765699;1023450359;10239765700;10239765701;10239765751;10239765702",true,false,0.17594835325229913,"380000"
1150649437,"10703906197;10703922106;10703906199;10703906200;10703922117;10703922110;10703922114;10703906198",true,false,0.05890582971593292,"110000"
87752735,"1020303298;4913210503;317395536;1020303282",true,false,0.013842613484763533,"110000"
162275044,"1023519273;1023518944;1303276694;1303276698",true,false,0.2733793310871161,"150000"
1119544044,"10239765639;10239765726;10239765727;1023447266;10239765728;10239765729;10239765743;10239765730",true,false,0.179855239456603,"380000"
137571258,"1508856932;1635798383;1508856942;1635798387;2136759370;1508856946;1508856952;1508856966;2136759369",true,false,1.1214329738760822,"35000"
1119597530,"10240147106;1304736218;277106574;277101647",true,false,0.2493758649209787,"110000"
865976957,"1044936474;1044936378;1044936457;1044936575;1044936631;1044936577;1044936339;1044936652;1044936611;1044936658;1044936382;1044936471;1044936448;290707496;290707494;290707492;290707490;290707489;1044936404;1044936630;1044936570;1044936332;764608117;1044936362;1044936436;1044936370;1044936499;1044936478;1044936506;1044936547",true,false,8.022153772032517,"110000"
1150649432,"10703906177;10703906178;10703906179",true,false,0.008208890139567453,"110000"
1150803261,"10705256982;10705256992;10705256989;10705256994;10705256986;10705256997;10705256983",true,false,0.07470221102233716,"110000"
677533921,"6343953165;6343953162;6343953163;6343953164;6343953166",true,false,0.028077387982349822,"70000"
1151325243,"10710776351;10710776353;1045022087",true,false,0.03770821961945898,"110000"
500214520,"317395536;8419399658;1868200566",true,false,0.012225942148220668,"110000"
162275040,"1303276673;1303276690;1303276700",true,false,0.04232190436616225,"150000"
1088085420,"9969345651;9969345663;9969345664;9969345665",true,false,0.028718007253604242,"110000"
1150803271,"10705257004;1303562636;10705300705;10705300706;10705300707",true,false,0.08373710527799608,"110000"
1300426308,"9944993313;9944993312;1314649284",true,false,0.02180332854708509,"110000"
139541489,"267227074;267226825",true,false,0.3782747563471257,"380000"
1026219351,"9461602976;9461602985;9461602969;9461602994",true,false,0.10408895204706042,"150000"
865957048,"262766956;8071414167",true,false,0.09775589280274159,"110000"
1448688314,"13291260247;13291260264",true,false,0.02982393885594605,"110000"
1119597565,"10240168819;10240168820;10240168821;10240168822",true,false,0.02742592418641309,"110000"
1300536017,"10839483801;12046067039",true,false,0.006384431128986676,"110000"
1119544041,"11741245442;11741245441;10239765712;1023454109;10239765713;10239765714;10239765748;10239765715",true,false,0.16295608256690386,"380000"
1150803278,"1044936547;10705300724;10705300725;10705300726",true,false,0.07991656314721858,"110000"
36139027,"267226821;422004727",true,false,0.03365317029538631,"110000"
842193681,"13299015841;13299015843;7857081363;7857081360;13299015840",true,false,0.0261689559370222,"110000"
1119544019,"10239765640;291643873",true,false,0.2324224237229352,"380000"
677533922,"1376135146;6343953167",true,false,0.13047631889182593,"70000"
146029968,"1593315696;10710776399;3394980809;1593315673",true,false,0.0664288880565474,"110000"
842193678,"887183195;887183211",true,false,0.05157280001759813,"110000"
1119597550,"10240168729;2148378711;10240168730;1030677852",true,false,0.047366669515830864,"110000"
842193688,"10703906184;7857081384;7857081383;266515034",true,false,0.08089194560428839,"110000"
1085332528,"6508998319;9944993314;9944993315;9944993316;9945026617;9945026618",true,false,0.1648953002898229,"110000"
1151325269,"10710824712;10710824718;10710824721;10710824714;10710824715;10710824713",true,false,0.04110539813234144,"110000"
1151325263,"10710776391;10710776394;10710776395;13296126860;10710776401;10710776392",true,false,0.06672959625511794,"110000"
90134604,"1044936408;1044936452;10705300715;10705300726;1044936614;10705300718;10705300722;1044936661;1044936514",true,false,0.06619902846225899,"110000"
1300531695,"12046047574;12046047589;12046047595;12046047583;12046047575;12046047576",true,false,0.14934498306115604,"380000"
88372946,"1053726708;1314649265;4951587992;1026486378;1026486437;1026486386;1026486368;1026486443;1026486350;1026486430;1026486410;1026486355;1026486389;1026486336;1026486391;1026486337;1026486369;1026486444;1026486433;1026486371;425720207;1026486407",true,false,5.700508758327307,"110000"
140934864,"1026486422;1026486381;1026486333;1026486436;1026486383;1026486427;1026486365;1026486428;1314649285;1314649254;1314649275;1314649292;1314649267;1314649286;1314649256",true,false,2.962986714254798,"110000"
1026219344,"1303256028;9461602971;9461602995",true,false,0.06937306245048733,"150000"
115337373,"1303562578;10705256991;1207898089;10705256988;10705256995;10705256985;10705256996;1303562757",true,false,0.07437163464373528,"110000"
139551767,"277101610;8959499679;267227074",true,false,0.36048662444736673,"380000;110000"
1300169468,"8447114597;8447114598;12043001063;8447114599",true,false,0.031098916093149985,"110000"
1119544034,"10239765683;10239765621;10239765690;10239765691;10239765692;10239765693;10239765754;10239765694",true,false,0.17631583905178266,"380000"
1150649438,"10703906200;10703906201;10703906202;1243707706",true,false,0.0870653253114413,"110000"
59631222,"262767280;1674775110;10703906193;10703906192;262793727",true,false,0.13130590823506164,"110000"
140568791,"262793722;262795526",true,false,0.3230432087842335,"110000"
1449595347,"1045022126;13296126858",true,false,0.013585816425810433,"110000"
1085332526,"1314649284;12045197318;9944993309",true,false,0.0887874558553656,"110000"
137571257,"9871101633;1508856931;1508856932",true,false,0.17689962923342784,"35000"
1300531689,"9945026635;9945026636;10704248391",true,false,0.034659335608814484,"110000"
865957058,"1091410618;8071414195;8071414210;7671444633;8071414197;8071414199",true,false,0.1304272803903029,"110000"
1119606399,"10240227949;1303562623;10240227953;8071414155",true,false,0.06492719313251945,"110000"
1300531702,"4951587979;9945026630;9945026625;423218011;1542937342",true,false,0.1073334724484572,"380000"
1300536016,"12046067036;12046067035;12046067041;12046067037;12046067042;12046067038",true,false,0.04204782461665748,"110000"
115295373,"1303256028;1303248548;1014114052",true,false,0.31467134274177055,"150000"
636647783,"6003484646;4638742887",true,false,0.015601546002354073,""
1258237604,"291643849;10239765667",true,false,0.05316206836528095,"380000"
1300426303,"1304247462;12045197310;12045197311;12045197312;11608125496",true,false,0.03964755339081526,"110000"
87210231,"1014114051;1014114049;1014114052",true,false,0.25288008770797604,"150000"
1119597555,"10240168772;1307343931;277101666",true,false,0.25446678627178715,"110000"
1151325273,"323101775;1702522854",true,false,0.32291544213449497,"110000"
332379780,"323101739;323101730;323101729;323101728;323101727;323101725;323101726;323105387;323105388;323105389;323105390;323105391;323105392;323105393;323105394;323105395;323105396;323105397;323105408;323105409",true,false,5.475688777772316,"110000"
677531083,"1489385754;1489385758;6343938504",true,false,0.19487411115857287,"70000"
1119597538,"10240168765;10240168766;10240168767;10240168768",true,false,0.05066045007656224,"110000"
88075036,"1023519273;1023520281;1023520012;1023519557;1023519157;1014126352;1014126353;1014126348;1014126351;1014126349;1014126350;1014126356;1014126357;1014126355;1014126354;1014126913;1014126907;1014126906;1014126908;1014126911;1014126919;1014126920;1014126918;1014126904;1014126915;1014126910;1014126916;1014126909;1014126917;1014127551;1014127546;1014127541;1014127548;1014127543;1014127550;1014127545;1014127542;1014127547;1014129418;1014129419;1023519192;1014129420;1014129424;1014129433;1014129432;1014129431;1014129434;1014129421;1014129428;1014129429;1014129430;1014129422;1014129425;1014129423;1014129426;1014129427;1014130097;1014130092;1014130107;1014130104;1014130103;1014130105;1014130109;1014130098;1014130110;1014130090;1014130093;1014130111;1014130095;1014130102;1014130108;1014130099;1014130089;1014130094;1014130091;1014131092;1014131097;1014131087;1014131100;1014131098;1014131096;1014131103;1014131095;1014131102;1014131089;1014131101;1014131086;1014131106;1014131099;2544157904;2481216605;1014131105;1014131084;1014131091;1014131081;1014131079;1014131078;1014131090;1014134180;1014134189;1014134186;1014134192;1014134188;1014134187;1014134179;1014134178;1014134185;1014134182;1014134183;1014134197;1014134196;1014134191;1014134190;1014134194;1014134751;1014134750;1014134745;1014134738;1014134752;1014134747;1014134749;1014134744;1014134740;1014134743;1014134741;1014134746;1014134742;1014135398;1014135402;1014135399;1014135397;1014135401;1014135400;1014135404",true,false,40.145495695662866,"150000"
123384139,"1376135019;1376135023;1376135029;1376135034;1376135037;9108460116;1376135044;1376135045;1376135046;1376135047;1376135048;1376135049;1376135050;1376135051;1376135052;1376135053;1376135054;1376135055;1376135057;1376135059;1376135060;1376135061;1376135069;1376135077;1376135087;1376135090;1376135091;1376135096;1376135098;1376135100;1376135103;1376135106;1376135104;1376135099;1376135092;1376135089;1376135088;1376135086;1376135084;1376135083;1376135081;1376135080;1376135079;1376135078;1376135076;1376135075;1376135074;1376135073;1376135072;1376135071;1376135070;1376135068;1376135067;1376135065;1376135062;1376135064;1376135063;1376135066;1376135058;1376135043;1376135039;1376135031;1376135028;1374128804",true,false,10.374254711713128,"70000"
229258780,"2378798236;2378798241",true,false,0.037041221510877416,"380000"
842193677,"7857081353;887183195",true,false,0.06177542322600448,"110000"
24270332,"262766953;262767280",true,false,0.18956354166097555,"380000;110000"
1088085415,"9969345644;9969345674;9969345664;12046067045;9969345667;9969345662;9969345645;9969345654;9969345659;9969345646;9969345670;9969345647;9969345648;9969345649",true,false,0.12013616408569582,"110000"
505137242,"4951587996;4951587980;4951587985;1026486328",true,false,0.20691763531059007,"110000"
1151325235,"323105409;10710776347",true,false,0.029959680565631606,"110000"
88372947,"934809523;1026486459;1026486416;1026486448;1026486396;1026486373;1026486331;1026486362",true,false,2.3321067227970973,"110000"
229258795,"2378798202;11741245444;2378798209",true,false,0.05082435600970353,"380000"
135580988,"1207484448;1489385752;1489385753;1488908712;1488908717;1488908718;1488908719;1488908720;1488908721;1488908722;1488908731;1488908733;1488908734;1488908735;1488908740;1488908749;1488908750;1488908751;1488908752;1488908753;1488908755;1489385754",true,false,4.285972739003147,"70000"
1151325237,"10710776325;323105402;10710776326",true,false,0.026970949685460766,"110000"
1151325260,"293922305;10710776372",true,false,0.031068634470171486,"110000"
505137239,"1026486328;4951587982;4951587988;4951587983",true,false,0.2279631235571455,"110000"
1119606392,"8071414172;10240227972;8071414169;10240227973;10240227975;10240227988;10240227976",true,false,0.07205456573055198,"110000"
116662439,"12046047586;12046047587;12046047588;12046047589;12046047590;1314649290;423218011;4951587987;4951587984;9945026632;1314649250",true,false,0.1554908830748139,"380000"
865957057,"8071414179;8071414180;8071414173;8071414176",true,false,0.02357199728295707,"110000"
1300443935,"1026486364;1542937312;12046034154",true,false,0.07147514152101742,"110000"
115808265,"277101666;277101675",true,false,0.2655493098936511,"110000"
26593936,"1045022130;291644097;291644099;291226539",true,false,0.5711311325901371,"110000"
162275046,"1741882277;1741882276;1741882272;1741882213;1741882259",true,false,0.2488966381311036,"150000"
332379779,"288989994;10710776390;3394980809",true,false,0.022539513385918936,"110000"
677533920,"6343953167;6343953165",true,false,0.020021290219828788,"70000"
870598504,"1023436553;10239765801;10239765802;8109833686",true,false,0.058317601696452614,"110000"
909772780,"934809546;8447141831",true,false,0.01770278583564075,"110000"
1088085423,"9969345672;9969345673;9969345674",true,false,0.018263622241255665,"110000"
1150649440,"10703906204;10703922105;10703922106;10703922107",true,false,0.03762465181674737,"110000"
1150803265,"10705256995;10705256994;10705256993;1207465155",true,false,0.18076282452543593,"110000"
1150803282,"10705300734;10705300735;10705300736;10705300737",true,false,0.029918751694247823,"110000"
505137253,"1026486328;4951587977;4951587990;4951587989",true,false,0.21643951036981043,"110000"
115808264,"1307334610;9969345673;9969345665;12046067044;9969345668;9969345661;1307334581;9969345655;9969345671;1307334573;9969345656;1307334568;1307334589",true,false,0.12013892992234211,"110000"
909772773,"1026552368;8447114597",true,false,0.09838047752815514,"110000"
1086615741,"9956393650;1304247404;9956393653;252844664",true,false,0.04416208364389481,"110000"
1119597564,"10240168815;10240168816;10240168817;10240168818",true,false,0.03834501078266135,"110000"
1086615737,"9956393641;9956393642;9956393643;10704248381",true,false,0.017424995678345667,"110000"
1151325265,"10710776395;10710776396;10710776397",true,false,0.02799126503872103,"110000"
1300531701,"4951587999;4951587984;9945026623;9945026628;4951587998",true,false,0.10884693734718628,"380000"
1151325259,"293922305;10710776374",true,false,0.031193198284754246,"110000"
1119544054,"10239765800;10239765799",true,false,0.0063249513932011545,"110000"
1300536019,"12046067032;12046067041",true,false,0.01052155601940313,"110000"
1119544056,"10239765803;10239765809;10239765804;10239765808;10239765807",true,false,0.0583202478386225,"110000"
1150649443,"10703906198;1303562822",true,false,0.012750948738224858,"110000"
1151325257,"10710776377;10710776378;10710776379",true,false,0.0373638180491746,"110000"
842193692,"255861270;7857081378;267233310;10703906172",true,false,0.08105961996757319,"110000"
25426570,"2148378706;277106674;277106675;1529772043;277101610",true,false,0.3108612310175767,"110000"
1300536024,"7857081366;1307334573",true,false,0.01762520432289018,"110000"
865957052,"262766953;8071414160;8071414159;8071414158;8071414162;8071414157",true,false,0.24357193339074104,"110000"
339428710,"3466221489;1741882284",true,false,0.023763972105613148,"150000"
636647757,"6003483538;6003483537;6003483536;6003483535;6003483531;6003483532;6003483533;6003483534;6003483539;6003483540;6003483541;6003483542;6003483543;6003483545;6003483546;6003483547;6003483548;6003483549;6003483550;6003483551;6003483552;6003483553;6003483554;6003483555;6003483556;6003483557;6003483558;6003483559;6003483560;6003483561;6003483562;6003483563;6003483564",true,false,1.9160041877594485,"20000"
1151325256,"291644111;10710776369",true,false,0.03550469346300693,"110000"
505137247,"4951587987;9945026624;9945026629;1542937340",true,false,0.08847459151439264,"380000"
1119606391,"10240227984;10240227985;10240227986;10240227987;10240227988",true,false,0.04040379931283652,"110000"
505137250,"1053726706;4951587992;4951587993",true,false,0.1812454965373221,"110000"
1300536014,"909817713;12046067033",true,false,0.07553659424123989,"110000"
1449595345,"13296126856;13296126857;13296126858;13296126859",true,false,0.02037726012454435,"110000"
1150692040,"10704248395;10704248396;10704248397;4951587978",true,false,0.04577385028233229,"110000"
677533923,"1376135146;1376135149",true,false,0.1266665644808816,"70000"
1304926011,"12086212973;12086212986",true,false,0.048256575930503164,""
1119544023,"10239765787;291643878",true,false,0.18987754253299235,"380000"
229258793,"2378798213;11741245446;2378798224",true,false,0.05060717896098328,"380000"
865957059,"8071414201;8071414208;8071414202;8071414203;8071414204",true,false,0.04680608279489054,"110000"
115432969,"1304247303;1304247424;9956393638;1304247483;9956393636;9956393643;10704248383;1304247420",true,false,0.07980766037411162,"110000"
1151325261,"13296126858;10710776387;1045022132",true,false,0.02241735348053523,"110000"
115569321,"1305288968;1305288986",true,false,0.020601510804374647,"110000"
1086615735,"9956393636;9956393637;206090448",true,false,0.05680689258171904,"110000"
116662434,"1026486431;1026492790",true,false,0.15049186038488496,"110000"
1086615745,"9956393664;9956393665;9956393666;9956393667",true,false,0.03404561663086282,"110000"
1300531700,"1542937332;4951587981;12046047598;13252083607;13252083608;13252083609;13252083610;12046047579",true,false,0.167581699165889,"110000"
1005690317,"9278923849;6088857542",true,false,0.022584874740524008,"150000"
1151325242,"10710776355;10710776354;1045022094;10710776356",true,false,0.04590118464806804,"110000"
1300169464,"1026552368;1026552382;1026552362",true,false,0.5220518494736583,"110000"
229258778,"291644081;2378798204",true,false,0.14146606769573045,"380000"
860159351,"291643935;291644004;291643988;291643984;291643982;291226557;291226552;291226551;291226549;291226547;291226556;291644118;291644119;291644121;291644122;291644124;739453532;739453531;739453527;739453530;739453523;739453525;739453521;739453519;739453515;739453513;739453511;739453508;739453506;739453504;739453502;739453499;739453496;739453493;739453491;739453488;739453486;739453484;739453481;739453479;739453476;739453432",true,false,14.800742696444935,"380000"
158015377,"1702522854;1702522844",true,false,0.3192477648162328,"110000"
909772774,"1026552378;1026552368",true,false,0.09819510299925575,"110000"
229258792,"2378798353;2378798333;2378798326;6003483525;2378798288;2378798264;2378798263;2378798261;2378798259;2378798257;2378798255;2378798253;2378798240;2378798216;2378798211;2378798198;2378798179;2378798178;2378798223;6003483529;2378798226;6003483528;6003483530;2378798220;2378798228;2378798243;2378798245;2378798251",true,false,1.6456452536156632,"20000"
1119597562,"10240168804;10240168805;10240168806;10240168807;10240168808",true,false,0.03714616253745078,"110000"
1119597554,"277106739;10240168738;2148378717;10240168737",true,false,0.047376519794320636,"110000"
87212185,"1014114069;1014114055;5048575936;1014114045;1014114071;1014114062;1014114065;1014114047;1014114050;1014121163;1014121153;1014121150;1014121161;1014121157;1014121155;1014121169;1303276676;1014121159;1014126347;1023518731;1023519231;1023519624;1023520078;1023520328",true,false,6.109655998591519,"150000"
115791256,"1307215913;1307215912;1307215915;1307215910;1307215909;1307215911;3722914423;1307215914;8387179813;8387179814;1252217980",true,false,0.45001846681966134,"110000"
115808267,"606378158;606378159;606378160;606378161;605661053",true,false,1.358467613930341,"380000;110000"
677533918,"6343953164;6343953161",true,false,0.02089712732988914,"70000"
115808251,"8511349394;8511349395;8511349396;8511349397;8511349398;8511349399;8511349400;8511349401;8511349402;8511349403;8511349404;8511349405;1307334575;478925180;478925193;478925194;479809958",true,false,4.000122224855132,"110000"
30316066,"291644102;291644103;291644105;291644106;291644108;291644109;291644111",true,false,2.176801500586164,"110000"
865957050,"8071414171;262766956",true,false,0.09296094284901164,"110000"
1086615749,"257879605;9956393675;9956393676;9956393677",true,false,0.028506417890410685,"110000"
115337362,"266620847;266620848;266620849;266620850;266621232;266621230;266621433;1358087740",true,false,2.234542959681302,"380000;110000"
473786692,"292431382;292431383;292431384;292431385;292431386;292431387;292431388;292431389;292431390;351112521;1304247431",true,false,3.4269603955904064,"380000;110000"
1150803288,"4338546554;1025763414;10705300729",true,false,0.03512861412295454,"110000"
229258789,"291644081;2378798229",true,false,0.12124941364227615,"380000"
1119544037,"10239765698;291643886",true,false,0.15899527362259097,"380000"
1151325229,"10710776327;10710776328;10710776329;10710776330",true,false,0.0379617935675579,"110000"
1300531682,"1542937305;4951587986;12045352564",true,false,0.030820017497667287,"110000"
383851458,"366085141;3871605594;3871605601",true,false,0.3710837941216336,"110000"
88818110,"479809960;1030677871;763426791;1030677855",true,false,0.6410983464360366,"110000"
865957045,"262766951;8071414147;8071414146;8071414148;8071414164;8071414149",true,false,0.25999845531926197,"110000"
30281036,"291643844;291643843;291643837;291643834;291643831;291643830;291643827;291643825;291643968;292431309;292431310;292431311;292431312;292431313",true,false,4.484300989499591,"380000;110000"
1085332533,"1026486422;9945026635",true,false,0.1796676740835084,"110000"
473785975,"4678307392;4678302987;4678307391;4678302981;4678307389;4678307390",true,false,0.04122140499586905,"110000"
90142284,"1045022147;1045022087;10710776359;10710776364;10710776362;10710776371;10710776379;10710776382;10710776384;10710776376;1045022058;1045022094",true,false,0.08116084134128781,"110000"
