id,name,lat,lon,is_substation,is_transformer_node,voltage
2428614508,"",50.751195,6.153305400000001,true,false,""
1365385077,"",50.6544612,6.2771685,true,false,""
5491936107,"",50.62098,6.036507500000001,false,true,""
1326883159,"",50.7686641,6.0782384,true,false,""
1931288435,"",50.79451400000001,6.1102194,true,false,""
393331229,"",50.807394800000004,6.5046505,true,false,""
5650516436,"",50.6191521,6.0431737000000005,false,true,""
7640486906,"",50.7471782,6.2448163,false,true,""
3624586504,"",50.7902731,6.088907900000001,true,false,""
10704274515,"",50.8111643,6.2657062,false,true,""
2082111307,"",50.795952500000006,6.1520248,true,false,""
1868200566,"",50.7913374,6.202135200000001,false,true,""
1311046733,"",50.8736175,6.1817017000000005,true,false,""
1619317628,"",50.7634337,6.073952800000001,true,false,""
1252253567,"",50.665088100000006,6.289484300000001,true,false,""
3647464027,"",50.7819398,6.0864225,true,false,""
5642262559,"",50.6206888,6.0510506,false,true,"15000;400"
10703906187,"",50.833121500000004,6.1264729,false,true,""
323074085,"",50.6900568,6.3551038,true,false,""
1478118503,"",50.723493100000006,6.0259786,true,false,""
10170496453,"",50.7709215,6.086192700000001,false,true,""
2598584985,"",50.741676600000005,6.090246100000001,true,false,""
2537099547,"",50.745609900000005,6.226448,true,false,""
1297045781,"",50.821256600000005,6.0719545,true,false,""
1313101669,"",50.7464451,5.9905379000000005,true,false,""
9726256196,"",50.640039300000005,6.270678500000001,false,true,""
1868200554,"",50.791304200000006,6.201818500000001,false,true,""
12043001068,"",50.976781200000005,6.224053400000001,false,true,""
1365416409,"",50.6488991,6.2722148,true,false,""
321261461,"Station Brandenberger Weg",50.712216500000004,6.3822609,true,false,""
1576222397,"",50.743565600000004,6.0861993000000005,true,false,""
2213511140,"",50.771941700000006,6.090204600000001,true,false,""
12086212986,"",50.9379318,6.2688743,false,true,""
2446374270,"",50.7434169,6.170712,true,false,""
3118132933,"",50.837141800000005,6.3216405,false,true,""
1803341258,"",50.7913897,6.1152559,true,false,""
10240168754,"",50.8297705,6.302029800000001,false,true,""
13067092071,"",50.9881486,6.2691787,true,false,""
5323864559,"",50.618130300000004,6.035865800000001,false,true,""
1304736268,"",50.8214327,6.373100600000001,false,true,""
5446097618,"",50.6204417,6.0643788,false,true,"15000"
1425149345,"",50.8146016,6.1142522,true,false,""
4985372556,"",50.792534,6.0667941,true,false,""
1722262784,"",50.7829777,6.1000648,true,false,""
393331118,"",50.821683,6.518515900000001,true,false,""
1488908770,"",50.7330273,5.966540500000001,true,false,""
2288457211,"",50.775324600000005,6.094774800000001,true,false,""
3780463958,"",50.772019300000004,6.0388326,true,false,""
13067161212,"",50.942038700000005,6.365181300000001,true,false,""
393331145,"Station Akazienstraße",50.8227035,6.5217045,true,false,""
1318593250,"",50.7649113,6.0962177,true,false,""
728474211,"",50.815187800000004,6.2618233000000005,true,false,""
1592415628,"",50.917074500000005,6.3613584,true,false,""
1966767323,"",50.788233500000004,6.116861500000001,true,false,""
1332046180,"",50.7231509,6.116217000000001,true,false,"20000;400"
1866483853,"",50.783704500000006,6.1520285,true,false,""
1702406238,"",50.754819100000006,6.104137700000001,true,false,""
2207527625,"",50.7789085,6.0956662,true,false,""
6343953159,"",50.660105200000004,5.9790029,false,true,""
6343953161,"",50.6601002,5.978903600000001,false,true,""
12046067049,"",50.912198800000006,6.4066727000000006,false,true,""
2329966176,"",50.7582828,6.1300773,true,false,""
736970407,"",50.6189131,5.887596800000001,true,false,""
1039950768,"",50.8375752,6.1950282,true,false,""
1743648580,"",50.7674528,6.120492100000001,true,false,""
2356683758,"",50.7359699,6.1504057,true,false,""
5583910947,"",50.6296978,6.0349122,false,true,""
1377829647,"",50.792449500000004,6.0754292,true,false,""
1694425822,"",50.756600500000005,6.0588669,true,false,""
9969345651,"",50.9060179,6.358564,false,true,""
9225120359,"",50.907463500000006,6.405595900000001,false,true,""
1691674530,"",50.727811800000005,6.1803008,true,false,""
1277065469,"",50.7263266,6.1522914,true,false,""
1700706729,"",50.768922200000006,6.0519791000000005,true,false,""
3663502149,"",50.7982966,6.0759189000000005,true,false,""
1783708489,"",50.7000473,6.487398600000001,false,true,"110000;medium"
8071595620,"",50.6538856,6.376369100000001,false,true,""
1726754354,"",50.7335743,6.144053400000001,true,false,""
2594344103,"",50.810993700000004,6.079770300000001,true,false,""
333105773,"Station Maubachstraße",50.7298168,6.477071700000001,true,false,""
1394585242,"",50.736055900000004,6.161004200000001,true,false,""
8617369123,"",50.699248100000005,6.0487367,false,true,""
3646302703,"",50.7706663,6.1104186,true,false,""
9945026618,"",50.928074200000005,6.1189762000000005,false,true,""
1743689129,"",50.7837297,6.108672100000001,true,false,""
12043001064,"",50.976929500000004,6.278566400000001,false,true,""
1723275553,"",50.783306200000006,6.1307407000000005,true,false,""
6343938505,"",50.724201400000005,5.9341143,false,true,""
2598584992,"",50.7806155,6.0111112,true,false,""
1659031882,"",50.8000519,6.050219200000001,true,false,""
2598584989,"",50.743134600000005,6.0766209,true,false,""
5628866466,"",50.630963,6.0104353,false,true,"15375;400;230"
5644254669,"",50.627635700000006,6.0568894,false,true,"15000;400"
1274824475,"",50.7591053,6.0973785000000005,true,false,""
1313101707,"",50.730994700000004,5.996196,true,false,""
1810481085,"",50.7947524,6.1090632000000005,true,false,""
1256674902,"",50.9243266,6.3702445,true,false,""
1269278230,"",50.7840471,6.0905253,true,false,""
1978630741,"",50.789798600000005,6.127679400000001,true,false,""
2369698904,"",50.746788300000006,6.166004900000001,true,false,""
480318916,"",50.727558300000005,6.4811239,true,false,""
10705300711,"",50.7892518,6.225561600000001,false,true,""
13291260257,"",50.830217000000005,6.2696133000000005,false,true,""
1432149359,"",50.6991937,6.0666536,true,false,"15000"
1297045747,"",50.8279647,6.054870800000001,true,false,""
4951587978,"",50.9114744,6.2172511,false,true,""
11283957776,"",50.710743400000005,6.0929127,true,false,"400"
13291310437,"",50.838520700000004,6.325772000000001,false,true,""
387849796,"",50.985008500000006,6.514937300000001,true,false,""
1352910925,"",50.7959758,6.1604063,true,false,""
1365415263,"",50.666794700000004,6.3326582,true,false,""
5868328492,"",50.627965700000004,6.041696300000001,false,true,""
10710758594,"",50.8426313,6.4557568000000005,false,true,""
1357474720,"",50.6922392,6.3583639000000005,true,false,""
1311046720,"",50.8638726,6.1917819000000005,true,false,""
2400934820,"",50.758603300000004,6.170711600000001,true,false,""
3545019980,"",50.789942,6.1057022000000005,true,false,""
5363176023,"",50.639140000000005,6.0347374,false,true,"15000;400"
1303562761,"",50.8022238,6.1671119,false,true,""
13299015848,"",50.911869800000005,6.4074419,false,true,""
9461602979,"",50.8680217,6.018120400000001,false,true,""
10703906177,"",50.7966348,6.1120185000000005,false,true,""
385554363,"2189 Willi-Bleicher-Straße n.Hs. 2",50.831763,6.472143,true,false,""
1352920112,"",50.7907263,6.1632598000000005,true,false,""
5327812153,"",50.6288008,6.033856200000001,false,true,""
2378798237,"",50.881454500000004,6.4882947,false,true,"380000;unknown"
7640486905,"",50.7470244,6.2445753,false,true,""
5445919144,"",50.6219333,6.0739326,false,true,"15000;400"
9278923847,"",50.6315217,6.020841900000001,false,true,""
1282001613,"",50.776518200000005,6.1000245,true,false,""
1304736197,"",50.762237600000006,6.4697953,false,true,""
907352214,"",50.810979,6.2556006,true,false,""
1266918614,"",50.7771599,6.098109600000001,true,false,""
1795105089,"",50.791851,6.1162185000000004,true,false,""
332575321,"Station Waldstraße",50.741073300000004,6.456009000000001,true,false,""
2378798233,"",50.881311600000004,6.4884629,false,true,"380000;unknown"
2142835434,"",50.7891685,6.1334290000000005,true,false,""
1662111655,"",50.761344,6.0632033000000005,true,false,""
5632845629,"",50.623385400000004,6.0399286000000005,false,true,""
3546870168,"",50.7759926,6.1523895,true,false,""
5758203744,"",50.6265518,6.0273474,false,true,""
1308303540,"",50.7392264,6.0428084,true,false,""
9507915695,"",50.607061800000004,6.1054642,false,true,""
1289453046,"",50.7633012,6.151167900000001,true,false,""
331738212,"Station Bildergarten",50.7367228,6.4829053000000005,true,false,""
2290866719,"",50.7060922,6.1801288,true,false,""
1673123728,"",50.73905370000001,5.995249500000001,true,false,""
9888581077,"",50.8368619,6.080901600000001,true,false,""
10240168819,"",50.8368374,6.3192778,false,true,""
9956393644,"",50.878909300000004,6.088259000000001,false,true,""
7857081376,"",50.9061797,6.359577000000001,false,true,""
2400934821,"",50.7737795,6.168337,true,false,""
10703906204,"",50.764485,6.1653026,false,true,""
1254559202,"",50.759027,6.1101258000000005,true,false,""
2046233132,"",50.7930172,6.1315151000000006,true,false,""
392671578,"",50.812087000000005,6.509560700000001,true,false,""
5403274075,"",50.621816,6.0277383,false,true,"15000;400"
6110920420,"",50.630217300000005,6.017152500000001,false,true,"15375;400;230"
9312532644,"",50.7760904,6.067604200000001,true,false,""
1289420273,"",50.7611319,6.120728700000001,true,false,""
10240168804,"",50.8372486,6.3188567,false,true,""
2598584991,"",50.7753722,6.027003700000001,false,true,""
390275442,"",50.815798,6.5227605,true,false,""
10710776386,"",50.813225,6.440446400000001,false,true,""
11697373658,"",50.871645,6.4531508,false,true,""
1325658617,"",50.767466500000005,6.099588000000001,true,false,""
12046067050,"",50.9120204,6.406969800000001,false,true,""
2598584990,"",50.7442416,6.0729313000000005,true,false,""
10240168773,"",50.837196600000006,6.3232301,false,true,""
13299151144,"",50.965524900000005,6.400652200000001,true,false,""
1708954593,"",50.758030700000006,6.062813500000001,true,false,""
2506502258,"",50.749431900000005,6.1758829,true,false,""
10240168809,"",50.8372545,6.3185992,false,true,""
323076659,"Station See Straße",50.717603000000004,6.446839300000001,true,false,""
2303025493,"",50.778733800000005,6.1723698,true,false,""
1358066879,"",50.80469,6.1554354,true,false,""
5650516441,"",50.6211142,6.038651300000001,false,true,""
10703906180,"",50.796482600000004,6.112320100000001,false,true,""
1251683629,"",50.747544700000006,6.114067400000001,true,false,""
1256674531,"",50.9248989,6.365799600000001,true,false,""
1309939215,"",50.7009175,6.0624314,true,false,""
10705256978,"",50.7548595,6.2415827,false,true,""
4984936164,"",50.787282600000005,6.0677344,true,false,""
360361111,"",50.987912,6.5490379,true,false,""
2378798227,"",50.881173200000006,6.4886258,false,true,"380000;unknown"
2506502254,"",50.74935,6.165787600000001,true,false,""
5964631641,"",50.6343782,6.0450032,false,true,""
1966768608,"",50.796354,6.1008844,true,false,""
12046047576,"",50.912961100000004,6.2171557,false,true,""
1323770067,"",50.7586853,6.0939424,true,false,""
5481371997,"",50.6154012,6.045269,false,true,""
387849728,"",50.983355200000005,6.5243079,true,false,""
323074172,"",50.714815,6.3852241,true,false,""
1277093628,"",50.682164500000006,6.1802031,true,false,""
1322547332,"",50.783229000000006,6.0868221,true,false,""
1747136057,"",50.768497700000005,6.1155236,true,false,""
2091638269,"",50.795003200000004,6.1520754,true,false,""
2159907046,"",50.7712835,6.079216000000001,true,false,""
2208966588,"",50.7075918,6.177203100000001,true,false,""
8511349393,"",50.858940600000004,6.350324400000001,false,true,""
10839483802,"",50.898499400000006,6.4077209,false,true,""
2290866789,"",50.7097246,6.1809763,true,false,""
3624586503,"",50.7679233,6.094639600000001,true,false,""
1308306506,"",50.7405793,6.0425018,true,false,""
1394585258,"",50.7527589,6.152108200000001,true,false,""
2239338535,"",50.7012664,6.171099600000001,true,false,""
2329966229,"",50.7598757,6.1327476,true,false,""
1354197830,"",50.786056800000004,6.0643298,true,false,""
2081528575,"",50.7961437,6.134636100000001,true,false,""
2339817957,"",50.756918000000006,6.1449031000000005,true,false,""
5644254643,"",50.6265015,6.054971500000001,false,true,"15000;400"
1792797852,"",50.7887136,6.110601300000001,true,false,"10000;400"
6013656916,"",50.794255,6.0542587,false,true,""
8071414175,"",50.745511900000004,6.192833800000001,false,true,""
1619317625,"",50.7632315,6.0914332,true,false,""
11283957772,"",50.710834600000005,6.092524,true,false,"400"
1725878937,"",50.7214103,6.1532263,true,false,""
2297383902,"",50.7025123,6.1798874,true,false,""
2009251816,"",50.7535444,6.069245100000001,true,false,""
1725879079,"",50.723248700000006,6.1540309,true,false,""
8617371040,"",50.646189500000006,5.9813274000000005,false,true,""
1315482448,"",50.7581174,6.1011096,true,false,""
13299015846,"",50.9119667,6.4075818,false,true,""
8615123426,"",50.757606900000006,6.080694500000001,true,false,""
2188950381,"",50.707848000000006,6.184019500000001,true,false,""
2339817997,"",50.7584892,6.1433670000000005,true,false,""
3118132931,"",50.8371142,6.3236653,false,true,""
1700703934,"",50.752787700000006,6.0833152,true,false,""
1305289023,"",50.8300521,6.0837355,false,true,""
2269888183,"",50.870870000000004,6.4543699000000005,false,true,""
13067092099,"",50.8898207,6.264845200000001,true,false,""
2290866753,"",50.7092741,6.180998000000001,true,false,""
2537099548,"",50.745899200000004,6.1950818000000005,true,false,""
5508036046,"",50.6296424,6.024416100000001,false,true,"15000;400"
6088857541,"",50.6311005,6.020926200000001,false,true,""
1741882177,"",50.8971123,5.968316300000001,false,true,""
1938594124,"",50.787218200000005,6.092748800000001,true,false,""
321380019,"",50.707621,6.3761258000000005,true,false,""
2276138636,"",50.704960400000004,6.181617200000001,true,false,""
5355159640,"",50.61928,6.0445159,false,true,"15000;400"
1394585255,"",50.74765,6.161478600000001,true,false,""
1704573001,"",50.747653500000006,6.0670934,true,false,""
323113676,"Station Schäfersgraben",50.764021,6.5225412,true,false,""
321385762,"Station Schäfergasse",50.7219853,6.3936774000000005,true,false,""
6038835909,"",50.63815,6.027782500000001,false,true,""
295014950,"",50.921920300000004,6.406368400000001,true,false,""
737843425,"",50.7932482,6.3076428,true,false,""
1311046718,"",50.866080100000005,6.117646700000001,true,false,""
2592818757,"",50.7947788,6.0932469000000005,true,false,""
8071414174,"",50.74557780000001,6.1927116,false,true,""
9956393660,"",50.878949500000004,6.1502084,false,true,""
1304736257,"",50.8286169,6.2996558,false,true,""
2402868925,"",50.7668352,6.1588004000000005,true,false,""
8071414166,"",50.800879300000005,6.1671718,false,true,""
1803341234,"",50.790108000000004,6.1129312,true,false,""
8048110436,"Zitadelle",50.9248831,6.3594827,true,false,"10000"
1779143997,"",50.778617600000004,6.1228305,true,false,""
10703922115,"",50.7643293,6.1655196000000005,false,true,""
2506502031,"",50.7270569,6.1881993,true,false,""
11741245435,"",50.87116,6.4611738,false,true,""
1394585243,"",50.7406336,6.157415500000001,true,false,""
2008508183,"",50.8017556,6.1282069,true,false,""
9956393640,"",50.878021200000006,6.0933143,false,true,""
1691711594,"",50.7517573,6.097844800000001,true,false,""
1723275544,"",50.7813576,6.1354004,true,false,""
1691680465,"",50.766819500000004,6.0543392,true,false,""
2269888233,"",50.938894100000006,6.5272684000000005,false,true,""
8617369124,"",50.699097800000004,6.0488038,false,true,""
8274703294,"",50.720659500000004,6.0471613,false,true,""
10703922108,"",50.7641708,6.1657257,false,true,""
1359866126,"",50.7673714,6.1609688,true,false,""
2269888230,"",50.938901400000006,6.527412,false,true,""
1967491953,"",50.792903800000005,6.1208277,true,false,""
5875529360,"",50.6257887,6.0375342000000005,false,true,""
1610725556,"",50.759745,6.0902636,true,false,""
2294047444,"",50.7721266,6.0900027,true,false,""
1662112258,"",50.769223600000004,6.0646021,true,false,""
2269888184,"",50.88103,6.488794,false,true,"380000;unknown"
1737532387,"",50.729082600000005,6.175144,true,false,""
1302069693,"",50.783498200000004,6.0598757,true,false,""
5769243206,"",50.6376007,6.0217783,false,true,""
8447114599,"",50.976991000000005,6.278796000000001,false,true,""
9944993313,"",50.911610700000004,6.1686958,false,true,""
10710776397,"",50.7621162,6.4691431,false,true,""
323076640,"",50.717921600000004,6.4399804000000005,true,false,""
5508035837,"",50.6165139,6.0527626,false,true,"15000;400"
9945026621,"",50.928385500000005,6.118869500000001,false,true,""
1287459739,"Lütticher Str. (578)",50.730940600000004,6.0407995,true,false,""
7075747259,"",50.85036040000001,6.3676567,true,false,""
2369698920,"",50.756506400000006,6.1701727,true,false,""
1352910898,"",50.7691249,6.1514492,true,false,""
10705300707,"",50.789493,6.2258031,false,true,""
1725973869,"",50.727645800000005,6.141735300000001,true,false,""
2297383907,"",50.702713900000006,6.177682600000001,true,false,""
1691680081,"",50.757406100000004,6.0734054,true,false,""
2468144842,"",50.74167550000001,6.1704236,true,false,""
8199030308,"",50.661763,6.0595565,true,false,""
1358066875,"",50.7886984,6.2101876,true,false,""
1358066872,"",50.7757395,6.1099703000000005,true,false,""
9956393682,"",50.879999600000005,6.1891544000000005,false,true,""
1256673501,"",50.9300578,6.3825237,true,false,""
2468144834,"",50.735044200000004,6.1854668,true,false,""
3118132932,"",50.837130300000005,6.3226284,false,true,""
11265322332,"",50.7155265,6.578583,false,true,""
11697373660,"",50.871922600000005,6.453491400000001,false,true,""
1992217461,"",50.7935759,6.125628000000001,true,false,""
2269888227,"",50.9388908,6.5270574,false,true,""
2046233145,"",50.799543,6.111004,true,false,""
10240168802,"",50.837238500000005,6.319842400000001,false,true,""
10705256981,"",50.755088400000005,6.241483400000001,false,true,""
393330903,"1107 Heinrich-Dauer-Straße",50.811831000000005,6.500357500000001,true,false,""
323082947,"",50.7398279,6.4812693,true,false,""
1475061827,"",50.7738409,6.071562200000001,true,false,""
1259575723,"",50.6568528,6.0147696,false,true,""
1736716319,"",50.767153300000004,6.1134385,false,true,""
11930160645,"",50.7909597,6.096653900000001,true,false,""
1929709844,"",50.787091100000005,6.0982267000000006,true,false,""
387849752,"",50.981000900000005,6.517899000000001,true,false,""
763426816,"",50.788429400000005,6.325184800000001,true,false,""
1726754329,"",50.727718800000005,6.178245700000001,true,false,""
1420362597,"",50.725038700000006,6.0025348,true,false,"15000"
10710758589,"",50.8426782,6.4559699,false,true,""
11608125497,"",50.9758657,6.122974,false,true,""
10240168803,"",50.837234200000005,6.320208500000001,false,true,""
1352910912,"",50.7932848,6.1660795,true,false,""
1324152050,"",50.7684622,6.101948,true,false,""
7640486904,"",50.746924500000006,6.2444196000000005,false,true,""
11329340375,"",50.6974881,6.0407647,true,false,"15000"
11358311988,"",50.7064212,6.0820810000000005,true,false,"230"
1357155739,"",50.7680901,6.10568,true,false,""
2297384125,"",50.7211152,6.186690700000001,true,false,""
10710776368,"",50.813462400000006,6.4402018000000005,false,true,""
1956497798,"",50.79209710000001,6.0913664,true,false,""
333738345,"Station Feuerwehrhaus",50.74923080000001,6.4205059,true,false,""
1592412150,"",50.9064448,6.3581205,true,false,""
1736659533,"",50.765871100000005,6.1183733,true,false,""
922297233,"",50.7707878,6.3037105,true,false,""
9956393646,"",50.878979400000006,6.088388200000001,false,true,""
5592207717,"",50.628801900000006,6.0394889,false,true,""
9888581069,"",50.836664600000006,6.0802901,true,false,""
1297045784,"",50.840766800000004,6.058905200000001,true,false,""
8447141841,"",50.9878073,6.268114700000001,false,true,""
1289433253,"",50.7499872,6.1344519,true,false,""
2036170017,"",50.7686701,6.07599,true,false,""
2349974307,"",50.750377,6.1434667,true,false,""
2950021446,"",50.6851056,6.3728106,true,false,""
4678307394,"",50.9862855,6.0505082,false,true,""
13067161217,"",50.9443483,6.3656101000000005,true,false,""
2348398382,"",50.768543,6.1340604,true,false,""
13299015847,"",50.911917700000004,6.4075118,false,true,""
1576203560,"",50.762418200000006,6.0678844000000005,true,false,""
2342488707,"",50.777264900000006,6.1715211000000005,true,false,""
885960609,"",50.8171388,6.264225400000001,true,false,""
2416862814,"",50.7550006,6.1678891,true,false,""
5617546691,"",50.628474100000005,6.0631069,false,true,"15000;400;230"
2392919060,"",50.697062700000004,6.151425400000001,true,false,""
11697373657,"",50.871523200000006,6.4531749000000005,false,true,""
967002010,"",50.8159452,6.2666719,true,false,""
1375138067,"",50.775505200000005,6.0788298,true,false,""
10240168800,"",50.837224600000006,6.321643600000001,false,true,""
1604179250,"",50.77458,6.105752900000001,true,false,""
2370265826,"",50.745245700000005,6.165789200000001,true,false,""
1741882182,"",50.8971956,5.9684797000000005,false,true,""
7857081375,"",50.9060658,6.3588459,false,true,""
7551676495,"",50.7724314,6.1247489,false,true,""
1711918062,"",50.7434676,6.0943306,true,false,""
1937926991,"",50.788915900000006,6.092438100000001,true,false,""
3545019971,"",50.786230200000006,6.111750300000001,true,false,""
1610725582,"",50.7599862,6.0892491,true,false,""
1376241897,"",50.788409,5.997705000000001,false,true,""
2091637526,"",50.770451900000005,6.0695712,true,false,""
3551688412,"",50.790647400000005,6.0952878,true,false,""
5006932556,"",50.790311100000004,6.1018499,true,false,""
1252766591,"",50.675187300000005,6.350640500000001,true,false,""
10705300737,"",50.6303331,6.4539897,false,true,""
12055608649,"",50.787188,6.1561988,true,false,""
13067092100,"",50.8928317,6.276576100000001,true,false,""
10703906189,"",50.8061104,6.1659006000000005,false,true,""
1565283396,"",50.725933100000006,6.089204100000001,true,false,""
10705300733,"",50.63049710000001,6.4540682,false,true,""
318393931,"Station Brandenberger Straße",50.699033400000005,6.4128461,true,false,""
5769243214,"",50.6373006,6.023961900000001,false,true,""
1318577655,"",50.7633195,6.0955202,true,false,""
2290866845,"",50.7104462,6.1802584000000005,true,false,""
8071414173,"",50.7453998,6.1924722,false,true,""
10315585914,"",50.719733100000006,6.0460156000000005,true,false,"400"
1691680058,"",50.755124300000006,6.0670637,true,false,""
11697373659,"",50.871772,6.4531213,false,true,""
1999369632,"",50.7999748,6.1290363,true,false,""
2378798241,"",50.881662600000006,6.4880503,false,true,"380000;unknown"
1838175326,"",50.767842300000005,6.1264646,true,false,""
1309318482,"",50.8126722,6.0690045,true,false,""
1140979877,"",50.725133400000004,6.11336,true,false,""
1610724783,"",50.7580746,6.1061589000000005,true,false,""
1395286917,"",50.75090590000001,6.1590983,true,false,""
2290866846,"",50.7104506,6.180960300000001,true,false,""
1737532442,"",50.7328496,6.168865200000001,true,false,""
2142837224,"",50.79743070000001,6.1519357,true,false,""
2271585548,"",50.9299222,6.3825931,true,false,""
5389484149,"",50.6212067,6.041273100000001,false,true,""
13291260251,"",50.830146600000006,6.269441400000001,false,true,""
1326137041,"",50.7636978,6.0796479,true,false,""
1741882285,"",50.9347785,5.9422556,false,true,""
1829176456,"",50.7722387,6.1544156,true,false,""
1737532060,"",50.6864378,6.1729735,true,false,""
1246794861,"",50.6998794,6.1319789,true,false,""
1305006811,"",50.79214940000001,6.1050588,true,false,""
325794017,"Station Extra",50.719614400000005,6.3933562,true,false,""
1700706696,"",50.7652846,6.0568990000000005,true,false,""
1345118242,"",50.778697300000005,6.0481917,true,false,""
6343953160,"",50.660110200000005,5.979102200000001,false,true,""
2357192604,"",50.762142100000005,6.0267179,true,false,""
2339818121,"",50.7639812,6.140126400000001,true,false,""
2592814559,"",50.8033573,6.0770152,true,false,""
385554370,"2190 Willi-Bleicher-Straße 11",50.83396260000001,6.469265,true,false,""
1931288406,"",50.789151600000004,6.098655300000001,true,false,""
1992219092,"",50.799819600000006,6.129582,true,false,""
2598584958,"",50.7404315,6.08337,true,false,""
10710776330,"",50.7851081,6.515231600000001,false,true,""
1358066884,"",50.807839300000005,6.165338500000001,true,false,""
1309541367,"",50.70603070000001,6.0757883,true,false,""
1574330541,"",50.721537500000004,6.1982773,true,false,""
5896253553,"",50.6324856,6.034981800000001,false,true,""
9956393678,"",50.8798298,6.189249500000001,false,true,""
2402868921,"",50.7668334,6.1548837,true,false,""
5551483298,"",50.620031000000004,6.0270068000000006,false,true,"15000;400"
1364888163,"",50.7479652,6.1747813,true,false,""
393330967,"",50.813637,6.5087758000000004,true,false,""
1363519604,"",50.7533455,6.145150500000001,true,false,""
2331109188,"",50.765321400000005,6.126461600000001,true,false,""
12945145791,"",50.981277500000004,6.0675669,true,false,""
1256673587,"",50.933511700000004,6.375216600000001,true,false,""
1309541370,"",50.705355600000004,6.072867100000001,true,false,""
1741882284,"",50.9347658,5.9424402,false,true,""
2330001448,"",50.75630030000001,6.1307121,true,false,""
10315366640,"",50.727206900000006,6.0448113,true,false,"400"
331738076,"",50.7327719,6.4819288,true,false,""
3551688413,"",50.790477100000004,6.0951453,true,false,""
1419392134,"",50.7571479,6.1074639,true,false,""
9107881386,"",50.7922662,6.5707962,true,false,""
10704274513,"",50.811261,6.265566000000001,false,true,""
11662796037,"",50.898566200000005,5.9543923,true,false,""
5769243222,"",50.614323500000005,6.0448636,false,true,""
6032236090,"",50.634639,6.024397400000001,false,true,""
262793727,"",50.806179,6.1661286,false,true,""
1737532647,"",50.7653593,6.1231154000000005,true,false,""
3646302704,"",50.772953400000006,6.1028463,true,false,""
8511349391,"",50.858681100000005,6.3503243000000005,false,true,""
333105918,"Station Ofenskaul",50.7340767,6.476188400000001,true,false,""
318109177,"Station Kindergarten",50.7019401,6.4104353000000005,true,false,""
1694425947,"",50.763322300000006,6.057033400000001,true,false,""
1578747164,"",50.7722009,6.117861100000001,true,false,""
332575269,"Station Auf dem Hügel 1",50.73939,6.4612917,true,false,""
7551676496,"",50.7717539,6.1213398,true,false,""
9382401792,"",50.6312755,6.1834511,false,true,""
2009727869,"",50.79596170000001,6.1304523,true,false,""
1660287374,"",50.763740600000006,6.066149500000001,true,false,""
2161671762,"",50.794867800000006,6.1643568,true,false,""
1726753870,"",50.720158700000006,6.149941500000001,true,false,""
4951587994,"",50.911847400000006,6.2177205,false,true,""
5583910956,"",50.624137700000006,6.0368649,false,true,""
9461602982,"",50.867758300000006,6.0176651,false,true,""
1357039267,"",50.728273,6.179336,true,false,""
1322838758,"",50.755647700000004,6.1003620000000005,true,false,""
1309312884,"",50.8730619,6.10369,true,false,""
1357039268,"",50.754756,6.1313816,true,false,""
11257414640,"",50.619977000000006,6.0906246,true,false,"750"
9956393641,"",50.878100800000006,6.0935132,false,true,""
5774669756,"",50.633771800000005,6.0323186,false,true,""
11961444602,"",50.8329511,5.9827963,false,true,""
5428857328,"",50.6208643,6.040056600000001,false,true,""
9461602972,"",50.868320100000005,6.0186362,false,true,""
12046047579,"",50.913244000000006,6.217516900000001,false,true,""
1352910901,"",50.7819335,6.174645600000001,true,false,""
8434997352,"",50.6179853,6.0488172,false,true,""
6343934181,"",50.695150100000006,5.966340000000001,false,true,""
8617371041,"",50.6461916,5.9810746,false,true,""
1805500381,"",50.7874666,6.114763,true,false,""
5583910957,"",50.6243628,6.0296382,false,true,""
5907952193,"",50.639138900000006,6.016893700000001,false,true,""
13291310438,"",50.838030200000006,6.3257539000000005,false,true,""
9278923848,"",50.6314063,6.020825,false,true,""
323113657,"Station Sportplatz",50.76234040000001,6.5202058,true,false,""
5964632307,"",50.633392300000004,6.0469792,false,true,""
11741245438,"",50.8710832,6.4602832,false,true,""
2239338565,"",50.702297900000005,6.169369400000001,true,false,""
1256674532,"",50.924975800000006,6.367519400000001,true,false,""
1543024386,"",50.805652300000006,6.0645384,true,false,""
1325543128,"",50.6672467,6.3544438,true,false,""
2418310236,"",50.742746800000006,6.157798400000001,true,false,""
1277070944,"",50.695895900000004,6.1849803,true,false,""
5592207712,"",50.6330959,6.0379243,false,true,"15000;400;230"
549265053,"",50.876701000000004,6.1780518,true,false,""
6088857542,"",50.631227200000005,6.0209410000000005,false,true,""
1311046728,"",50.8811236,6.1689197,true,false,""
7551676494,"",50.7716885,6.126392500000001,false,true,""
2339818105,"",50.7620044,6.1384240000000005,true,false,""
10710776338,"",50.7848593,6.5155034,false,true,""
1368131117,"",50.772776,6.0623795000000005,true,false,""
2331109187,"",50.7627703,6.1271873,true,false,""
5508036051,"",50.622206600000005,6.036459000000001,false,true,""
707262075,"",50.8155134,6.2648424,true,false,""
5907952195,"",50.639116900000005,6.0169271,false,true,""
4678302985,"",50.9861361,6.0512002,false,true,""
10240168815,"",50.8372523,6.319132700000001,false,true,""
2428614509,"",50.751372100000005,6.1535986000000005,true,false,""
13067161218,"",50.946593400000005,6.3627238,true,false,""
5551484137,"",50.621030000000005,6.0455717,false,true,"15000;400"
1254094330,"",50.6529357,6.2758083000000005,true,false,""
2293037214,"",50.7020654,6.1532938,true,false,""
1350474557,"",50.7872087,6.102250700000001,true,false,""
1769011028,"",50.6976572,6.144238700000001,true,false,""
1277093615,"",50.6944517,6.195830900000001,true,false,""
4970163806,"",50.785110700000004,6.0899646,true,false,"400"
729476339,"",50.821453500000004,6.2307667,true,false,""
5644254652,"",50.6241378,6.0488989,false,true,"15000;400"
1903076009,"",50.781323500000006,6.1618333000000005,true,false,""
1358066887,"",50.811069700000004,6.1970114,true,false,""
2293037250,"",50.7102553,6.1379865,true,false,""
1358066882,"",50.806850700000005,6.1658445,true,false,""
333123707,"Station Richelnberg",50.7404627,6.4791669,true,false,""
1297045795,"",50.834816100000005,6.0603639000000005,true,false,""
1336814235,"",50.7797837,6.0699116,true,false,""
1671711232,"",50.752756100000006,6.0545875,true,false,""
1691680230,"",50.765041800000006,6.0511312,true,false,""
2443560776,"",50.748453100000006,6.164650300000001,true,false,""
6343938506,"",50.7242292,5.9340237,false,true,""
6830653188,"",50.837643,6.1950712,true,false,""
10240168801,"",50.837071800000004,6.321644600000001,false,true,""
480318911,"",50.7262737,6.4793189,true,false,""
1838175574,"",50.782468800000004,6.1460596,true,false,""
5973524941,"",50.616612,6.046729200000001,false,true,"15000;400"
1352910908,"",50.7922687,6.1638418,true,false,""
10710758585,"",50.8212315,6.3730054,false,true,""
323084372,"",50.761754,6.4949683,true,false,""
1256674530,"",50.928012200000005,6.369413000000001,true,false,""
1305288986,"",50.829977400000004,6.0834149,false,true,""
9969345652,"",50.906457700000004,6.3590833,false,true,""
5508035836,"",50.616520900000005,6.0528107,false,true,"15000;400"
1308306507,"",50.7384817,6.0428017,true,false,""
5758212179,"",50.61777,6.0382327,false,true,""
5758203745,"",50.626581800000004,6.0273905,false,true,""
2592814474,"",50.799250900000004,6.1050111000000005,true,false,""
3013101735,"C- Rurdorfer Straße",50.972216100000004,6.2706987000000005,true,false,""
9726256197,"",50.640131700000005,6.2709891,false,true,""
706308731,"",50.787632800000004,6.2799204,true,false,""
10710776334,"",50.7850131,6.515333200000001,false,true,""
10240168824,"",50.837249,6.3193997,false,true,""
10240168772,"",50.8371949,6.3230034,false,true,""
2329966164,"",50.757441400000005,6.131638700000001,true,false,""
759350575,"",50.814573700000004,6.2730386000000005,true,false,""
1700705499,"",50.755089100000006,6.053525700000001,true,false,""
1377987892,"",50.753310400000004,6.1890388000000005,true,false,""
1286929950,"",50.800913900000005,6.0945681,true,false,""
9461602990,"",50.868519000000006,6.0189801,false,true,""
2081528739,"",50.801086700000006,6.0941099,true,false,""
1979330048,"Junkerstraße",50.771012400000004,6.0731644000000005,true,false,""
1844586054,"",50.779260900000004,6.1563907,true,false,""
1328871011,"",50.781042600000006,6.048868400000001,true,false,""
1363068219,"",50.746067800000006,6.0882066,true,false,""
1736716316,"",50.767093700000004,6.1132777,false,true,""
2394477802,"",50.7641696,6.149439200000001,true,false,""
2409292126,"",50.751777600000004,6.156113700000001,true,false,""
3118132930,"",50.8370977,6.324614700000001,false,true,""
6343934182,"",50.69505830000001,5.9664983000000005,false,true,""
9956393667,"",50.8790332,6.1510337,false,true,""
2271588884,"",50.9286729,6.3734628,true,false,""
1395286921,"",50.753547700000006,6.151877900000001,true,false,""
1304736114,"",50.762166300000004,6.4694042000000005,false,true,""
1272480573,"",50.796623800000006,5.991070000000001,true,false,""
5508035835,"",50.6165273,6.0528547,false,true,"15000;400"
1254106726,"",50.6265434,6.2343850000000005,true,false,""
1769011041,"",50.779659200000005,6.119189400000001,true,false,""
393721875,"Girbelsrather Straße n.Hs. 182",50.8085924,6.5087614,true,false,""
1256673502,"",50.9299699,6.379181600000001,true,false,""
9944993311,"",50.9116317,6.168482600000001,false,true,""
1281138847,"",50.764359000000006,6.093885500000001,true,false,""
1543024359,"",50.797300500000006,6.0538113000000005,true,false,""
7574703062,"Pumpwerk Eich / Hitfeld",50.734442900000005,6.137197100000001,false,true,""
10240168763,"",50.8295887,6.3021712,false,true,""
2506502030,"",50.7247974,6.1927602,true,false,""
1708954568,"",50.74837470000001,6.0739127,true,false,""
1358066862,"",50.775096100000006,6.188291400000001,true,false,""
12006565548,"",50.7205938,5.8909253,true,false,""
8071595621,"",50.653941,6.3765735,false,true,""
1603846440,"",50.649137200000006,6.0021092000000005,true,false,""
2377342859,"",50.739858100000006,6.0557011,true,false,""
2235191565,"",50.707877200000006,6.1801013000000005,true,false,""
2269888182,"",50.870906100000006,6.454859000000001,false,true,""
2357192603,"",50.7602112,6.0327371,true,false,""
2369698937,"",50.760597800000006,6.169292400000001,true,false,""
1303248576,"",50.8541943,5.8864935,false,true,""
1662111690,"",50.7656001,6.0719263,true,false,""
2356682264,"",50.706236000000004,6.1781861000000005,true,false,""
2355247937,"",50.7467879,6.1478038,true,false,""
1593625688,"",50.8015478,6.0559652,true,false,""
8071414165,"",50.800830100000006,6.167045000000001,false,true,""
1303248545,"",50.85415690000001,5.8860581000000005,false,true,""
1818307695,"",50.774663000000004,6.143463000000001,true,false,""
8511349392,"",50.8588486,6.3503249,false,true,""
2352156378,"",50.7796013,6.076411800000001,true,false,""
1671711229,"",50.749637500000006,6.0606236,true,false,""
5907952194,"",50.639092000000005,6.0169647,false,true,""
6584270770,"",50.740727400000004,6.4671547,false,true,""
8511349390,"",50.858586900000006,6.3503191,false,true,""
1719843849,"",50.7433399,6.0829187000000005,true,false,""
1309535313,"",50.737863600000004,6.090665700000001,true,false,""
10170496454,"",50.7708603,6.0863491000000005,false,true,""
1792797851,"",50.7883894,6.111188,true,false,""
11054874841,"Alte Aachener Straße",50.871689700000005,6.1395078000000005,false,true,""
2362409324,"",50.751403800000006,6.143311300000001,true,false,""
1691711595,"",50.763528,6.100779,true,false,""
1725878340,"",50.712934100000005,6.1243656,true,false,""
1574330484,"",50.7120315,6.1757816000000005,true,false,""
1702406230,"",50.753803000000005,6.104008100000001,true,false,""
434427982,"",50.9627059,6.544486,true,false,""
1897109236,"",50.778362200000004,6.1611417,true,false,""
1783708486,"",50.6996095,6.4871834,false,true,"110000;medium"
1360199930,"",50.7480726,6.188272100000001,true,false,""
7576881315,"",50.7718196,6.121355400000001,true,false,""
2305261993,"",50.798303600000004,6.058705300000001,true,false,""
10839483801,"",50.8985831,6.407837600000001,false,true,""
11329001082,"",50.6935378,6.0853611,true,false,"400"
5551484161,"",50.614381900000005,6.049525,false,true,"15000;400"
5753544479,"",50.6330255,6.026746,false,true,""
11608125496,"",50.9762441,6.1233206000000004,false,true,""
2219990504,"",50.772336800000005,6.0929514000000005,true,false,""
